,Total_Trans_Ct,Total_Ct_Chng_Q4_Q1,Total_Revolving_Bal,Contacts_Count_12_mon,Avg_Utilization_Ratio,Total_Relationship_Count,Months_Inactive_12_mon,Current_customer
4372,32,0.28,2517,3,0.43,6,3,n
2682,65,0.912,1990,2,0.085,3,1,y
3977,91,0.717,1377,2,0.062,3,3,y
10021,74,0.609,2517,4,0.575,4,1,n
6870,47,0.516,0,3,0.0,3,2,n
5738,50,0.667,0,3,0.0,5,3,n
7755,55,0.618,0,2,0.0,3,3,n
9114,97,0.732,2151,1,0.125,2,2,y
2807,74,0.574,0,4,0.0,5,3,y
9250,63,0.853,2517,5,0.539,6,3,n
4676,39,0.444,0,2,0.0,1,2,n
4116,42,0.312,458,1,0.318,1,3,n
2634,73,0.622,2016,2,0.415,4,3,y
8174,73,0.698,0,3,0.0,2,2,y
1080,54,0.862,1733,3,0.067,3,2,y
193,52,0.529,1676,0,0.078,3,3,y
4624,39,0.5,0,3,0.0,5,2,n
240,30,0.667,2517,3,0.88,2,3,n
6978,36,0.385,1461,2,0.239,5,2,n
5298,84,0.826,1739,4,0.474,5,1,y
4754,43,0.72,0,2,0.0,5,2,n
5645,91,0.784,0,2,0.0,6,2,y
5731,41,0.64,0,3,0.0,3,3,n
9693,64,0.684,0,3,0.0,3,2,n
4402,47,0.621,1107,3,0.634,2,3,n
5295,68,0.619,1452,2,0.601,5,2,y
7372,38,0.52,0,2,0.0,4,3,n
1748,35,0.591,917,2,0.228,5,2,y
2419,33,0.833,1135,5,0.524,3,2,y
2315,65,0.585,1551,4,0.698,5,2,y
6816,75,0.744,1828,1,0.767,4,2,y
4142,23,0.211,2517,4,0.134,3,4,n
9480,116,0.812,1555,2,0.082,2,2,y
276,18,1.0,0,2,0.0,1,1,n
5302,67,0.914,2376,4,0.09,5,2,y
4005,30,0.25,0,3,0.0,3,2,n
7324,36,0.714,644,4,0.382,1,2,n
10002,110,0.642,1491,3,0.056,5,3,y
4406,28,0.4,0,4,0.0,2,3,n
4740,43,0.654,0,6,0.0,3,3,n
8198,87,0.776,2517,1,0.894,1,3,y
4448,81,0.653,0,3,0.0,6,4,y
3531,76,0.767,0,3,0.0,5,1,y
7678,77,0.54,1486,2,0.591,6,3,y
8200,45,0.607,1166,3,0.492,6,6,n
6900,46,0.438,2517,3,0.766,3,4,n
6312,43,0.955,0,2,0.0,5,3,n
8085,36,0.8,0,4,0.0,4,2,n
455,20,0.429,0,3,0.0,1,3,n
1447,46,0.769,1792,3,0.317,4,3,y
5819,61,0.605,1225,2,0.093,3,2,y
1456,31,0.348,2281,2,0.669,5,1,y
8815,82,0.608,1257,3,0.477,1,1,y
8992,54,0.742,1381,1,0.098,4,3,n
8339,29,0.318,1046,3,0.223,1,3,n
5703,91,0.685,1491,2,0.62,3,1,y
2727,57,0.966,0,4,0.0,4,2,y
9762,106,0.797,2122,3,0.633,2,2,y
5165,39,0.444,0,4,0.0,3,2,n
8515,82,0.673,996,1,0.577,1,3,y
9789,124,0.797,2068,3,0.208,1,3,y
4796,46,0.643,0,4,0.0,6,3,n
9297,112,0.806,1783,0,0.081,1,3,y
6013,44,0.257,0,3,0.0,3,3,n
3922,37,0.321,0,2,0.0,3,2,n
8148,40,0.429,0,3,0.0,1,4,n
7287,48,0.655,2139,3,0.399,2,3,n
1043,20,0.818,0,3,0.0,6,2,n
4954,54,0.543,1503,3,0.669,6,3,y
9551,79,0.837,0,3,0.0,2,3,n
8532,42,0.355,0,3,0.0,1,2,n
5360,81,0.653,0,3,0.0,4,3,y
9523,117,0.746,2437,1,0.641,2,1,y
7620,77,0.711,0,2,0.0,4,2,y
8236,44,0.63,1348,4,0.446,6,3,n
7395,45,0.552,2517,2,0.697,4,3,n
9221,71,0.868,2292,3,0.066,5,3,n
3691,81,0.723,774,3,0.093,3,2,y
6731,57,0.839,0,3,0.0,5,3,n
5772,49,0.485,457,1,0.253,4,3,n
10093,119,0.7,0,2,0.0,2,2,y
3203,58,1.071,1079,2,0.149,4,1,y
9885,116,0.758,1984,1,0.057,3,1,y
3808,49,0.581,0,4,0.0,1,3,n
7387,49,0.69,0,3,0.0,6,5,n
8199,48,0.714,330,4,0.031,5,5,n
5900,73,0.587,1340,1,0.598,5,2,y
8378,41,0.464,0,2,0.0,4,3,n
2359,31,0.348,2517,2,0.779,5,1,y
4916,44,0.517,458,4,0.31,6,2,n
8459,74,0.609,1649,3,0.618,1,6,y
2489,51,0.821,1287,3,0.519,5,3,y
5570,67,0.811,1686,4,0.65,5,2,y
4422,75,0.744,1885,4,0.242,4,2,y
2600,57,0.676,0,4,0.0,5,1,y
7493,31,0.292,0,3,0.0,3,2,n
5397,33,0.435,1327,5,0.785,4,3,n
3997,70,0.458,548,2,0.097,3,3,y
9372,109,0.758,1277,3,0.104,1,2,y
6927,42,0.4,0,4,0.0,4,3,n
6326,45,0.552,484,3,0.026,5,2,n
4884,69,0.725,0,2,0.0,6,4,y
5261,75,0.705,1864,3,0.14,6,1,y
4952,31,0.107,0,4,0.0,3,2,n
7142,81,0.8,0,1,0.0,3,1,y
5185,38,0.31,0,3,0.0,4,2,n
451,21,0.5,0,2,0.0,3,3,n
9656,115,0.769,0,3,0.0,3,2,y
833,36,0.241,2037,3,0.304,3,3,y
6279,73,0.973,1054,1,0.567,5,1,y
6955,80,0.778,0,3,0.0,6,3,y
7970,36,0.5,0,1,0.0,2,2,n
8050,34,0.097,860,3,0.274,4,2,n
9769,74,0.762,0,3,0.0,2,3,n
4975,40,0.333,2294,4,0.985,4,2,n
8496,42,0.312,0,2,0.0,5,3,n
7973,38,0.52,0,3,0.0,4,1,n
9464,63,0.658,2517,2,0.527,2,3,n
7491,54,0.742,193,3,0.042,4,2,n
9435,74,0.805,0,1,0.0,4,4,n
6562,84,0.787,1966,3,0.809,6,3,y
6576,27,0.929,0,2,0.0,3,3,n
1433,34,0.619,1435,4,0.475,3,1,y
4324,66,0.65,1080,3,0.089,3,3,y
6991,79,0.549,1384,3,0.358,3,1,y
7331,42,0.355,0,3,0.0,1,2,n
9795,89,0.978,2517,6,0.073,5,3,n
1602,33,0.179,0,3,0.0,6,2,n
1309,54,0.862,1846,2,0.105,6,3,y
4655,42,0.5,0,3,0.0,3,2,n
6501,56,0.556,0,3,0.0,4,4,n
3514,66,0.65,0,4,0.0,6,2,y
7471,54,0.459,0,2,0.0,4,3,n
7676,39,0.345,2463,3,0.897,3,3,n
5191,42,0.312,0,6,0.0,4,3,n
9499,124,0.722,1893,3,0.244,1,6,y
7155,43,0.87,1963,2,0.391,5,3,n
6155,44,0.375,0,4,0.0,5,2,n
9926,79,0.646,2517,4,0.387,5,1,n
6097,74,1.056,0,2,0.0,5,3,y
6632,77,0.925,1671,2,0.552,5,1,y
7649,40,0.29,1853,3,0.995,3,3,n
7730,77,1.026,1434,3,0.818,2,2,y
2136,46,0.484,0,3,0.0,3,4,y
598,22,0.692,361,3,0.251,4,1,n
6367,46,0.586,2517,2,0.867,3,2,n
5286,84,0.714,1151,3,0.178,3,3,y
6273,80,0.86,1775,3,0.098,5,3,y
6345,43,0.72,0,4,0.0,5,3,n
9877,68,0.744,0,3,0.0,6,3,n
5312,29,0.381,931,4,0.315,3,2,n
2511,26,0.733,312,5,0.217,2,3,n
6299,54,0.636,0,3,0.0,3,1,y
7284,45,0.552,0,3,0.0,6,3,n
5746,70,0.591,1607,3,0.115,6,3,y
1201,42,0.556,2468,3,0.722,4,1,y
9422,112,0.623,777,1,0.125,1,1,y
6768,83,0.766,728,2,0.475,4,5,y
5170,58,0.812,0,1,0.0,4,3,y
5938,39,0.625,0,3,0.0,6,3,n
3551,75,0.667,1291,3,0.342,3,1,y
4083,40,0.29,321,4,0.093,1,2,n
2292,20,0.429,1696,3,0.765,1,3,n
627,78,0.56,1040,2,0.337,6,3,y
9382,90,0.957,0,3,0.0,4,3,n
5410,58,0.933,686,4,0.07,4,2,y
6066,39,0.345,1340,3,0.45,3,3,n
3978,69,0.605,527,4,0.185,3,2,y
9021,104,0.651,1096,1,0.137,2,3,y
4101,61,0.694,1492,2,0.598,5,2,y
6029,81,0.929,1270,2,0.348,6,3,y
6322,78,0.529,0,2,0.0,4,3,y
8553,80,0.778,0,2,0.0,1,3,y
3577,69,0.683,1179,1,0.049,3,2,y
6232,38,0.9,895,3,0.296,2,3,n
6036,44,0.571,0,4,0.0,6,2,n
1722,35,0.75,2159,4,0.312,4,3,y
94,20,1.222,2440,2,0.963,5,1,y
6244,31,0.292,0,3,0.0,1,3,n
6778,52,0.793,662,2,0.338,5,3,n
5149,33,0.375,2412,2,0.826,5,3,n
422,43,0.955,0,3,0.0,6,2,y
5856,86,0.72,983,3,0.59,3,2,y
785,19,0.462,0,2,0.0,3,3,n
9565,77,0.791,0,3,0.0,2,3,n
6521,50,0.515,2517,3,0.807,6,2,n
1161,17,0.133,0,3,0.0,2,2,n
8356,88,0.63,0,3,0.0,1,1,y
6085,46,0.353,1965,6,0.771,2,2,n
6285,61,1.179,1641,3,0.568,4,2,y
9243,119,0.859,0,2,0.0,2,3,y
559,16,0.333,0,2,0.0,3,3,n
5398,39,0.625,0,4,0.0,3,2,n
9209,69,0.865,0,2,0.0,4,3,n
6078,75,0.786,1658,3,0.488,3,1,y
9142,54,0.862,0,3,0.0,4,3,n
8259,42,0.355,0,4,0.0,2,3,n
5441,68,0.619,1718,2,0.632,5,2,y
3362,46,0.394,633,3,0.026,1,3,n
8691,87,0.673,1289,3,0.144,3,3,y
2888,75,0.471,0,2,0.0,4,3,y
8872,87,0.673,1464,1,0.042,2,1,y
87,32,0.6,0,3,0.0,5,2,y
1639,61,1.033,2317,2,0.363,5,2,y
6622,45,0.452,0,3,0.0,3,2,n
82,12,0.714,0,3,0.0,2,4,n
6522,40,0.6,0,2,0.0,6,2,n
10095,110,0.618,1099,3,0.032,4,1,y
2092,34,0.062,962,1,0.125,5,3,y
4753,76,0.689,0,4,0.0,3,2,y
1074,16,0.231,0,2,0.0,3,2,n
4996,34,0.308,211,3,0.055,4,2,n
9245,66,1.062,0,2,0.0,2,4,n
8483,87,0.642,2209,2,0.644,2,2,y
526,40,1.0,1203,2,0.12,4,1,y
825,60,0.714,2517,2,0.342,4,3,y
1062,32,0.333,2517,1,0.119,4,1,n
9777,64,0.6,463,2,0.074,1,2,n
854,32,0.524,1452,3,0.181,5,3,n
1124,51,0.545,1670,2,0.755,5,2,y
3588,49,0.4,0,2,0.0,3,2,n
278,31,1.214,2481,2,0.14,5,2,y
6250,80,0.86,1490,2,0.629,3,2,y
7805,78,0.444,1724,3,0.081,2,1,y
7418,57,0.9,1576,2,0.585,3,3,n
6113,47,0.567,0,3,0.0,5,3,n
3706,42,0.312,1369,3,0.121,3,3,n
1287,56,0.6,0,0,0.0,4,2,y
1048,18,0.286,0,2,0.0,2,1,n
10089,64,0.829,0,3,0.0,4,3,n
9381,110,0.803,1871,1,0.487,2,2,y
6796,79,0.975,0,1,0.0,5,3,y
5553,52,0.857,0,4,0.0,3,2,n
3366,57,0.676,2457,6,0.259,2,2,n
4270,42,0.556,0,4,0.0,3,3,n
5618,43,0.593,0,3,0.0,6,4,n
51,19,0.9,808,1,0.562,2,3,n
7388,88,0.76,2048,1,0.399,6,3,y
8771,64,0.524,0,3,0.0,4,3,n
5636,78,0.733,2486,3,0.948,5,1,y
8041,49,0.531,2450,3,0.85,2,3,n
7966,43,0.387,1486,3,0.816,1,2,n
4417,23,0.0,1771,3,0.214,6,3,n
8071,80,0.778,1163,1,0.521,2,2,y
9219,116,0.966,2072,1,0.576,2,2,y
5710,71,0.868,0,2,0.0,3,3,y
6267,66,0.61,0,2,0.0,5,3,y
7689,86,0.755,1716,2,0.282,3,2,y
421,42,0.909,2517,2,0.103,5,2,y
6305,64,0.829,864,3,0.572,4,2,y
9754,73,1.028,2517,3,0.298,4,3,n
7865,62,0.676,1454,0,0.389,2,2,y
10126,61,0.649,1961,4,0.189,6,2,n
3983,42,0.556,0,5,0.0,1,2,n
9100,67,0.718,0,3,0.0,2,3,n
2209,70,0.489,0,5,0.0,3,2,y
9212,38,0.652,0,6,0.0,4,3,n
10022,60,0.579,159,4,0.032,1,2,n
10065,58,0.933,821,3,0.031,1,2,n
5626,43,0.654,0,3,0.0,6,2,n
7604,41,0.414,0,2,0.0,3,3,n
5445,40,0.429,792,2,0.442,4,2,n
5557,87,0.977,0,4,0.0,6,1,y
8769,60,0.463,0,2,0.0,1,3,n
5053,81,0.8,2213,1,0.717,5,3,y
2756,79,0.519,1017,4,0.554,3,5,y
6346,88,0.725,1269,2,0.625,4,1,y
7128,45,0.552,0,2,0.0,4,3,n
3189,82,0.673,2035,2,0.578,4,2,y
6397,39,0.345,2517,2,0.726,6,3,n
355,22,1.444,755,3,0.07,6,2,y
2933,59,0.735,1563,3,0.44,4,3,y
8895,100,0.449,1134,3,0.151,2,3,y
4585,40,0.212,1477,4,0.043,6,2,n
8531,88,0.725,1927,1,0.647,1,2,y
7459,50,0.282,1867,6,0.56,3,3,n
5370,69,0.683,1959,1,0.76,6,2,y
3972,68,0.619,0,2,0.0,3,3,y
4833,81,0.761,748,3,0.133,5,1,y
6247,70,0.795,1989,2,0.443,4,2,y
3218,36,0.241,0,2,0.0,1,3,n
7422,67,0.914,730,2,0.508,6,1,y
5913,60,0.765,1680,2,0.393,6,1,y
5722,74,0.85,0,3,0.0,3,3,y
9474,72,1.0,432,3,0.013,6,3,n
6402,28,0.167,0,2,0.0,3,2,n
596,15,0.5,0,2,0.0,3,2,n
1693,15,0.364,926,3,0.08,3,4,n
4177,40,0.379,0,3,0.0,2,2,n
5625,37,0.37,0,2,0.0,5,4,n
6235,37,0.37,522,3,0.363,4,3,n
8509,71,0.972,1936,1,0.726,2,3,y
1860,38,0.583,0,4,0.0,1,3,n
4525,49,0.581,1397,3,0.361,3,3,n
2393,64,0.684,1469,3,0.648,4,3,y
3475,35,0.296,1229,1,0.036,5,2,n
4034,31,0.55,0,4,0.0,3,4,n
3134,31,0.409,2517,3,0.312,2,3,n
8144,46,0.643,2517,3,0.734,2,3,n
4429,54,0.8,204,3,0.044,3,2,n
5711,43,0.654,0,3,0.0,5,0,n
4446,91,0.655,1869,2,0.397,4,1,y
4243,63,0.658,1019,2,0.568,3,2,y
1816,59,0.735,1226,3,0.137,3,1,y
1798,25,0.316,1466,4,0.551,5,1,y
2671,39,0.345,0,4,0.0,3,0,n
5656,39,0.345,1544,4,0.931,3,2,n
3629,51,0.378,2332,1,0.342,3,2,n
3613,65,0.477,1325,4,0.35,3,3,y
8529,86,0.686,1022,3,0.211,1,1,y
8123,43,0.433,0,2,0.0,2,1,n
9201,40,0.429,0,3,0.0,6,3,n
583,14,0.273,788,2,0.144,1,2,n
5175,41,0.464,0,4,0.0,5,2,n
6165,75,0.531,0,3,0.0,5,1,y
7178,67,0.861,1832,3,0.655,4,4,y
5599,40,0.429,1474,2,0.823,3,3,n
5508,75,0.974,0,0,0.0,3,1,y
4582,87,0.891,701,0,0.086,3,3,y
9,32,0.882,1677,3,0.144,6,3,y
4677,34,0.308,1554,3,0.43,6,3,n
4838,51,0.594,0,2,0.0,6,3,n
4467,38,0.407,0,3,0.0,5,2,n
6862,46,0.484,0,3,0.0,6,3,n
4831,65,0.585,0,3,0.0,6,1,y
7882,82,0.864,1600,2,0.288,1,1,y
7974,42,0.355,0,3,0.0,2,3,n
9020,91,0.596,1388,1,0.054,2,3,y
7141,89,0.854,915,1,0.078,6,3,y
3835,35,0.522,0,3,0.0,3,3,n
4640,53,0.606,0,2,0.0,2,3,n
2162,29,0.611,0,3,0.0,3,3,n
8792,86,0.593,2130,1,0.368,1,1,y
2817,60,0.935,1491,4,0.043,4,3,y
406,18,0.059,0,3,0.0,3,3,n
9273,124,0.797,0,1,0.0,2,2,y
6852,78,0.5,0,3,0.0,6,3,y
9672,78,1.294,0,5,0.0,4,4,n
8482,87,0.706,2336,2,0.575,2,2,y
6963,88,0.833,750,3,0.521,3,1,y
3584,44,0.76,2517,1,0.446,3,1,n
5878,44,0.257,0,5,0.0,3,3,n
8430,81,0.653,0,2,0.0,1,2,y
9010,56,0.806,0,2,0.0,2,3,n
2846,35,0.25,2099,3,0.061,4,5,y
7344,38,0.357,0,2,0.0,2,3,n
902,65,0.806,2310,2,0.134,6,2,y
9014,74,0.574,0,1,0.0,2,3,n
5890,38,0.583,696,5,0.181,2,3,n
1827,26,0.238,2089,4,0.063,1,4,n
9858,123,0.708,1913,4,0.055,3,1,y
5491,39,0.345,0,3,0.0,5,2,n
1763,44,0.333,1599,3,0.581,4,3,y
10046,104,0.763,1912,2,0.394,3,2,y
5275,40,0.481,1211,4,0.841,1,2,n
4530,67,0.763,1769,4,0.484,3,2,y
3179,84,0.787,2517,3,0.763,6,2,y
8477,84,0.75,1654,1,0.673,1,3,y
1520,58,0.657,606,3,0.06,5,3,y
3339,81,0.884,1317,2,0.426,5,3,y
8022,41,0.323,0,1,0.0,2,2,n
2520,63,0.909,654,2,0.08,5,2,y
1622,63,0.853,1873,2,0.327,4,2,y
3555,26,0.13,512,4,0.035,2,3,n
6011,45,0.875,1960,3,0.317,5,4,n
5750,82,1.0,919,2,0.417,4,1,y
7042,78,0.902,0,1,0.0,4,3,y
9725,75,0.974,1629,3,0.068,2,2,n
819,39,0.393,0,2,0.0,6,2,y
7618,48,0.6,0,3,0.0,3,3,n
2669,77,0.571,1372,1,0.819,4,3,y
7591,84,0.68,2356,1,0.245,6,3,y
2103,36,0.565,916,2,0.1,6,3,y
2306,64,0.73,2098,5,0.138,3,1,y
9659,60,1.069,2466,2,0.272,3,3,n
1566,44,0.833,0,4,0.0,5,2,y
2056,56,0.75,1378,1,0.11,4,3,y
4926,36,0.286,0,4,0.0,1,2,n
6905,69,0.769,780,2,0.196,6,2,y
7770,51,0.7,0,3,0.0,2,2,n
7414,60,1.0,970,0,0.52,5,2,y
3952,28,0.556,0,2,0.0,3,3,n
2403,27,0.8,243,3,0.06,1,4,n
1059,39,0.696,1888,3,0.775,4,2,y
4688,36,0.44,0,4,0.0,1,1,n
3347,82,0.783,1135,4,0.288,5,2,y
332,46,0.643,1605,0,0.625,4,1,y
4648,30,0.579,1737,2,0.258,3,2,n
7080,51,0.821,2517,3,0.793,3,3,n
7370,82,0.547,2458,1,0.368,4,4,y
6335,58,0.933,2517,2,0.69,3,2,n
7187,41,0.64,0,2,0.0,6,2,n
3195,71,0.511,800,1,0.088,5,3,y
4580,88,0.833,2090,1,0.703,4,2,y
6007,87,0.706,0,3,0.0,5,2,y
1070,67,0.718,740,2,0.408,5,2,y
7067,67,0.595,1123,2,0.089,5,3,y
7806,37,0.609,0,2,0.0,2,5,n
4746,71,0.651,1596,1,0.256,5,1,y
9948,63,0.75,2201,3,0.064,4,3,n
7386,88,0.833,0,2,0.0,6,4,y
9921,74,0.947,2097,4,0.07,2,3,n
1213,30,1.143,1310,3,0.233,6,3,y
9415,63,0.703,2517,3,0.17,1,3,n
3276,69,0.643,2191,3,0.239,6,3,y
7135,36,0.5,1079,3,0.42,5,3,n
4360,78,0.857,0,3,0.0,3,2,y
6065,47,0.621,2517,3,0.721,5,3,n
5016,51,0.5,284,2,0.118,3,6,n
6535,49,0.531,2517,2,0.336,5,6,n
5161,42,0.105,1002,2,0.411,2,2,n
10097,104,0.763,1388,3,0.309,3,2,y
719,22,1.0,1902,2,0.246,6,3,y
3199,44,0.467,0,4,0.0,3,1,n
4574,63,0.75,1302,0,0.631,5,3,y
4388,48,0.6,0,3,0.0,2,2,n
626,25,0.667,0,3,0.0,4,1,n
6459,57,0.781,1203,3,0.641,5,2,n
9687,62,1.0,0,4,0.0,3,3,n
2493,38,0.81,1451,3,0.277,5,3,y
734,27,0.421,392,3,0.051,6,2,n
441,45,0.452,1794,2,0.309,5,3,y
8091,49,0.485,2283,3,0.86,1,2,n
3556,70,0.707,1461,2,0.042,5,2,y
5160,47,0.621,2517,4,0.756,3,3,n
3726,42,0.4,0,2,0.0,3,2,n
4198,47,0.516,0,3,0.0,6,1,n
8394,63,0.853,2517,2,0.791,1,1,y
2416,40,0.6,2408,4,0.07,1,3,n
2096,60,0.622,1843,4,0.057,3,1,y
60,33,0.833,2016,3,0.587,4,2,y
3302,73,0.46,889,2,0.04,6,2,y
1674,58,0.611,1267,2,0.293,4,2,y
7143,39,0.147,2517,4,0.75,1,3,n
1506,46,1.3,2517,2,0.073,6,3,y
1889,63,1.032,0,3,0.0,6,3,y
4220,60,0.765,1792,4,0.184,4,1,y
4441,46,0.586,0,2,0.0,3,3,n
6868,43,0.433,0,4,0.0,4,4,n
8616,84,0.615,1265,2,0.234,2,1,y
9529,92,0.804,2517,1,0.258,2,1,y
4196,46,0.643,524,2,0.355,4,2,n
3587,37,0.233,0,3,0.0,4,3,n
1125,37,0.233,2470,4,0.775,6,1,y
834,32,0.778,1067,3,0.125,2,2,n
70,41,1.05,1763,3,0.051,3,2,y
2143,44,0.571,1542,2,0.265,5,4,y
6764,41,0.519,0,3,0.0,4,3,n
1478,43,0.483,890,4,0.048,6,3,n
9120,71,0.775,0,3,0.0,4,3,n
7109,70,1.258,989,1,0.237,3,2,y
3915,42,0.5,0,2,0.0,2,3,n
7479,77,0.878,1015,1,0.123,6,2,y
1539,33,0.833,1917,3,0.144,6,3,y
7900,56,0.75,0,3,0.0,4,2,n
7573,69,0.683,501,1,0.271,3,3,y
2026,30,0.5,1629,1,0.417,6,4,y
8202,63,0.575,0,3,0.0,4,2,n
8156,75,0.471,1729,3,0.406,1,2,y
4724,86,0.72,784,2,0.063,4,3,y
5661,49,0.885,1091,6,0.125,3,4,n
7786,37,0.321,0,2,0.0,2,2,n
6196,78,1.0,0,2,0.0,5,1,y
9936,60,0.5,199,4,0.02,2,3,n
9197,114,0.727,0,3,0.0,2,1,y
6928,51,0.594,382,4,0.175,4,3,n
1649,14,0.273,511,3,0.015,4,4,n
3061,36,1.0,1782,4,0.424,3,1,y
3449,40,0.739,1088,2,0.643,6,3,n
6770,48,0.714,0,2,0.0,4,4,n
6583,39,0.444,0,6,0.0,5,3,n
910,47,0.469,0,2,0.0,4,1,y
5300,42,0.448,0,4,0.0,3,3,n
6684,43,0.387,1030,2,0.408,3,3,n
2429,30,0.579,2215,3,0.731,6,2,y
6783,44,0.467,910,2,0.633,3,3,n
5038,80,0.951,0,2,0.0,3,2,y
4037,41,0.242,0,4,0.0,3,2,n
3505,63,0.75,0,3,0.0,3,1,y
1990,56,1.24,633,2,0.056,3,2,y
1742,35,0.522,0,4,0.0,1,3,n
8002,88,0.66,892,3,0.62,1,2,y
9334,59,0.735,0,3,0.0,2,1,n
5919,35,0.346,0,1,0.0,3,2,n
6626,68,0.581,2517,2,0.806,6,3,y
4865,74,0.423,871,2,0.145,6,2,y
64,23,0.917,1634,2,0.111,4,2,y
4339,41,0.64,0,6,0.0,3,3,n
9749,103,0.717,0,2,0.0,1,3,y
9760,93,0.603,1130,2,0.176,2,3,y
7782,58,0.568,965,2,0.306,2,3,n
5823,38,0.652,1608,3,0.802,6,3,n
9859,72,0.714,0,3,0.0,5,2,n
5019,34,0.478,0,4,0.0,3,2,n
127,23,0.353,2227,2,0.191,3,3,n
1557,35,0.4,1928,4,0.606,5,1,y
4680,42,0.312,860,2,0.443,3,3,n
8907,89,0.561,933,3,0.049,1,1,y
1411,30,0.579,2169,4,0.173,6,1,y
4487,46,0.586,154,3,0.004,4,2,n
2005,15,0.25,0,4,0.0,2,3,n
2539,78,0.66,1745,4,0.1,4,2,y
840,31,0.348,1142,1,0.232,6,3,y
3367,29,0.526,326,5,0.111,6,3,n
7586,30,0.2,731,3,0.174,3,3,n
4988,41,0.519,399,1,0.012,5,2,n
8833,48,0.548,0,2,0.0,1,3,n
3144,61,0.794,1778,5,0.082,4,1,y
9624,124,0.746,1357,3,0.039,3,3,y
4022,64,0.641,1069,2,0.145,4,1,y
7400,82,0.745,1276,1,0.129,6,1,y
145,16,0.455,0,3,0.0,3,2,n
6472,67,0.489,991,2,0.2,6,2,y
1521,42,0.448,1504,4,0.305,3,3,y
7594,56,0.867,0,4,0.0,3,2,n
9409,51,0.7,2517,2,0.259,2,3,n
1572,38,0.652,564,3,0.026,4,1,y
181,24,1.0,2107,3,0.19,6,2,y
2351,34,0.7,1300,2,0.284,3,1,y
4956,42,0.5,0,1,0.0,3,2,n
8730,105,0.544,2379,1,0.195,2,1,y
8892,82,0.745,1742,3,0.05,1,1,y
5115,46,0.586,0,5,0.0,3,2,n
639,42,0.75,2517,0,0.183,6,2,y
5562,36,0.636,0,2,0.0,1,2,n
4050,53,1.038,0,3,0.0,3,3,n
1644,54,0.8,1472,3,0.526,6,2,y
3056,83,0.976,1365,0,0.5,3,3,y
6151,41,0.519,0,3,0.0,3,4,n
7232,35,0.346,0,3,0.0,3,4,n
4068,30,0.579,0,4,0.0,3,1,n
9753,94,0.709,2005,2,0.375,2,1,y
689,15,0.364,1930,3,0.825,3,3,n
5592,54,1.077,0,3,0.0,4,0,n
8543,50,0.515,0,3,0.0,1,3,n
9135,38,0.462,710,2,0.318,2,1,n
172,20,0.25,0,1,0.0,2,2,n
5520,38,0.407,0,2,0.0,3,2,n
69,15,2.0,1330,2,0.053,6,2,y
4807,79,0.927,0,1,0.0,4,1,y
503,31,0.824,2517,0,0.911,4,1,y
3638,34,0.417,1604,3,0.848,3,3,n
5002,32,0.28,0,4,0.0,4,2,n
9984,68,0.478,532,5,0.035,1,3,n
8976,100,0.562,0,1,0.0,1,6,y
2095,55,0.833,1687,1,0.461,4,2,y
537,27,0.421,0,3,0.0,3,5,n
2510,14,2.5,0,5,0.0,2,1,n
4701,27,0.0,0,4,0.0,5,3,n
4208,69,0.725,867,2,0.595,5,2,y
337,26,0.444,2517,2,0.867,4,3,n
8801,86,0.593,942,3,0.027,2,1,y
4837,76,1.0,1537,4,0.529,4,3,y
7682,76,0.949,1276,3,0.644,3,2,y
1465,36,0.44,0,4,0.0,3,1,n
6944,45,0.667,0,2,0.0,6,2,n
3488,61,0.743,0,3,0.0,4,3,y
2909,33,0.737,2517,2,0.548,6,1,y
7660,56,0.556,0,2,0.0,1,3,n
4983,48,0.846,0,4,0.0,3,2,n
10028,113,0.766,1184,3,0.194,6,5,y
3990,36,0.385,2361,2,0.068,2,3,n
6604,35,0.667,1958,2,0.085,3,4,n
9802,109,0.847,1786,3,0.064,4,2,y
9540,90,0.837,1059,3,0.051,6,2,n
1628,18,0.059,2517,2,0.772,3,2,n
7158,70,1.188,0,2,0.0,6,2,y
9972,63,0.909,2429,4,0.689,1,2,n
7990,44,0.833,0,2,0.0,2,3,n
7725,83,0.766,745,2,0.518,1,2,y
7073,46,0.394,605,3,0.113,5,3,n
6420,46,0.394,2425,3,0.885,4,3,n
5757,43,0.433,0,3,0.0,3,6,n
9745,100,0.786,1293,2,0.316,1,1,y
5272,40,0.739,544,2,0.378,4,3,n
8134,81,1.077,468,1,0.325,2,1,y
8125,61,0.848,965,5,0.127,5,6,n
3494,76,0.81,1791,4,0.577,5,2,y
8420,69,0.865,920,3,0.606,1,3,y
1477,36,0.5,666,1,0.352,1,2,n
7226,53,0.828,2517,3,0.519,1,3,n
1067,31,0.409,2341,3,0.689,5,3,y
808,42,0.448,1729,0,0.801,3,3,y
8285,71,0.69,1127,2,0.583,2,2,y
4654,43,0.303,728,1,0.039,2,3,n
9444,63,0.8,2219,3,0.162,2,2,n
2555,68,0.744,0,3,0.0,4,1,y
3170,26,0.857,1869,0,0.196,6,1,y
5428,90,0.636,0,1,0.0,3,2,y
5977,97,0.565,1542,3,0.207,6,3,y
5111,77,0.75,1219,3,0.146,3,3,y
1645,31,0.722,0,2,0.0,6,6,y
8055,83,0.66,2055,2,0.284,2,1,y
1935,47,1.136,0,3,0.0,5,4,y
7820,84,0.787,1869,2,0.544,3,1,y
8811,94,0.516,2128,2,0.248,1,1,y
4904,66,0.886,1993,3,0.305,6,2,y
7277,35,0.296,0,3,0.0,3,3,n
5682,50,0.471,1335,3,0.182,1,2,n
5778,94,0.741,1190,2,0.312,6,3,y
1714,76,0.81,1053,4,0.213,4,3,y
6970,50,0.389,2517,2,0.83,3,2,n
9179,91,0.978,1713,3,0.291,2,5,y
5293,76,0.854,1787,3,0.779,3,3,y
5418,50,0.923,0,1,0.0,1,3,n
6488,69,0.917,2066,2,0.882,6,3,y
6053,37,0.37,1267,3,0.518,3,3,n
8400,71,0.821,718,2,0.499,1,3,y
285,41,0.783,1274,0,0.238,2,1,y
6002,44,0.517,0,6,0.0,3,2,n
6801,49,0.531,275,6,0.169,4,3,n
9597,62,0.824,0,3,0.0,4,3,n
7410,55,0.897,0,1,0.0,3,3,n
3715,82,0.673,2025,2,0.312,6,1,y
9298,103,0.807,2295,3,0.079,1,3,y
6025,45,0.364,0,3,0.0,5,2,n
1974,58,0.611,1566,4,0.08,3,4,y
175,28,0.867,1777,2,0.171,5,2,y
4872,39,0.345,0,4,0.0,1,3,n
5811,32,0.185,1836,3,0.14,3,4,n
5931,40,0.429,0,3,0.0,5,3,n
6544,45,0.731,0,2,0.0,6,2,n
926,50,0.724,2517,2,0.094,6,3,y
1603,50,0.852,1201,3,0.14,5,2,y
9906,81,0.884,0,3,0.0,2,3,n
6660,43,0.536,0,2,0.0,4,2,n
2913,71,0.69,1583,2,0.118,4,3,y
6222,49,0.581,632,3,0.284,4,3,n
1007,30,0.875,1692,3,0.051,4,2,y
7686,37,0.542,1872,3,0.187,3,3,n
8825,54,0.588,1085,2,0.031,1,3,n
3375,63,1.032,2517,3,0.298,3,6,y
1233,62,0.632,1733,4,0.705,3,3,y
8030,86,0.72,1015,2,0.261,2,1,y
1174,37,0.609,1664,2,0.365,6,2,y
4862,68,0.789,1894,2,0.744,6,2,y
6739,35,0.4,0,4,0.0,6,3,n
7172,44,0.63,0,3,0.0,3,2,n
1984,49,0.69,1205,2,0.147,5,3,y
5620,44,0.63,781,3,0.059,6,3,n
6241,76,0.767,1482,2,0.254,6,3,y
3259,53,0.514,1115,2,0.035,4,3,y
3221,36,1.571,1054,3,0.094,5,3,y
8296,80,0.667,1780,3,0.473,2,3,y
8767,57,0.295,687,3,0.02,2,3,n
1407,48,0.846,1385,2,0.6,3,2,y
7290,45,0.5,0,1,0.0,6,3,n
865,35,0.842,0,3,0.0,2,1,n
4757,60,0.579,801,2,0.557,4,2,y
7576,79,0.795,1059,3,0.62,6,2,y
1504,41,0.864,0,4,0.0,6,3,y
5240,28,0.474,2517,3,0.852,4,2,n
2226,37,0.48,2517,2,0.92,6,2,y
1308,32,0.6,1392,3,0.231,3,3,y
65,32,0.6,1515,4,0.044,4,1,y
4950,66,0.784,1694,3,0.127,4,3,y
2324,54,0.636,1389,1,0.761,4,3,y
3285,42,0.355,0,4,0.0,2,3,n
7216,40,0.429,0,4,0.0,2,3,n
1342,29,0.318,1515,4,0.069,3,1,y
4732,68,0.545,0,3,0.0,3,3,y
7164,63,0.537,2517,1,0.476,6,1,y
6023,81,0.688,0,2,0.0,6,6,y
6204,47,0.469,0,3,0.0,6,3,n
7266,52,0.677,1837,6,0.806,3,4,n
8382,80,0.905,841,1,0.254,2,3,y
3067,69,0.683,1444,3,0.408,6,1,y
3589,49,0.581,0,2,0.0,3,3,n
6913,44,0.419,0,2,0.0,3,3,n
9817,70,0.892,1473,2,0.358,1,1,n
6237,54,0.385,0,1,0.0,5,3,n
2228,27,0.421,906,3,0.125,2,3,n
4163,37,0.48,1120,3,0.203,3,2,n
21,16,0.6,0,3,0.0,2,3,n
2795,57,0.629,1223,3,0.241,5,2,y
343,13,0.182,537,3,0.373,2,4,n
3536,67,0.558,0,2,0.0,5,3,y
5155,45,0.5,0,3,0.0,5,3,n
8735,49,0.815,2517,1,0.097,1,2,n
4948,38,0.462,979,4,0.086,6,3,n
3275,35,0.667,2517,1,0.685,2,3,n
7071,41,0.952,2013,3,0.843,6,1,n
9029,88,0.833,1612,2,0.689,2,3,y
6388,43,0.483,0,3,0.0,5,2,n
2567,83,0.93,0,3,0.0,4,3,y
6957,54,0.742,2517,3,0.238,4,3,n
5424,79,0.646,0,1,0.0,4,1,y
4949,41,0.64,1214,1,0.766,6,3,n
5313,33,0.435,0,2,0.0,4,3,n
9869,66,0.692,2517,3,0.183,6,3,n
8201,61,0.694,0,4,0.0,1,3,n
7674,79,0.717,0,2,0.0,6,3,y
1839,52,0.857,896,2,0.445,6,1,y
8389,50,0.562,1790,4,0.802,1,3,n
184,50,1.083,1251,2,0.059,2,1,y
4451,39,0.393,0,5,0.0,4,2,n
1905,22,0.0,0,4,0.0,2,4,n
6373,53,0.472,0,3,0.0,3,3,n
4887,46,0.484,0,4,0.0,1,2,n
7259,76,0.767,807,3,0.4,6,2,y
2332,38,0.407,1960,2,0.234,1,4,n
5734,44,0.833,2517,5,0.608,3,2,n
8578,87,1.023,1465,1,0.42,1,2,y
6043,82,0.708,1549,3,0.372,3,2,y
9030,103,0.635,0,1,0.0,2,2,y
6591,43,0.344,2396,2,0.858,3,2,n
8425,42,0.5,0,2,0.0,5,3,n
7466,42,0.312,0,4,0.0,3,3,n
7247,91,0.625,0,2,0.0,3,3,y
3398,42,0.355,0,2,0.0,2,3,n
3653,44,0.571,0,4,0.0,3,3,n
4062,75,0.471,1362,2,0.269,6,3,y
1844,31,1.067,560,2,0.035,3,3,y
8655,84,0.826,1359,1,0.164,3,2,y
8379,38,0.267,0,4,0.0,1,3,n
7274,83,0.766,2422,1,0.831,6,2,y
5381,47,0.621,238,3,0.102,6,3,n
3732,39,0.696,2245,4,0.564,2,5,n
9299,61,0.694,0,2,0.0,2,3,n
6075,69,0.643,1643,1,0.701,6,1,y
8834,90,0.731,1802,1,0.166,1,3,y
8784,59,0.639,0,2,0.0,6,1,n
7992,80,0.86,1081,1,0.461,1,2,y
4370,80,0.702,0,4,0.0,5,4,y
4741,83,0.804,1647,2,0.628,5,3,y
7273,45,0.406,0,1,0.0,2,3,n
7189,41,0.414,0,3,0.0,3,3,n
4901,53,0.71,2517,3,0.708,4,3,n
7307,47,0.516,577,2,0.323,4,2,n
411,35,1.333,913,1,0.36,4,1,y
9493,71,0.69,913,3,0.247,1,2,n
5922,58,0.706,0,4,0.0,5,2,n
9218,67,0.811,1847,2,0.119,6,3,n
4666,32,0.778,2517,4,0.663,2,2,n
3299,76,0.81,1198,4,0.727,3,1,y
5857,44,0.833,0,2,0.0,1,3,n
9439,93,0.722,1617,3,0.047,1,1,y
7065,40,0.739,0,2,0.0,2,6,n
7390,42,0.273,744,3,0.098,4,3,n
9557,64,0.641,0,2,0.0,2,2,n
3049,44,0.333,0,6,0.0,2,2,n
6595,70,0.75,0,3,0.0,6,3,y
3688,33,0.571,1779,3,0.307,6,3,y
2331,73,0.622,663,1,0.461,3,3,y
580,17,0.308,0,3,0.0,5,3,n
1878,27,0.35,0,4,0.0,3,4,n
4195,35,0.4,2514,4,0.896,3,1,n
4357,62,0.55,0,4,0.0,3,3,y
6526,79,0.837,1650,2,0.661,5,2,y
8067,43,0.303,897,1,0.059,6,2,n
5234,59,0.639,1474,1,0.542,4,2,y
6741,90,0.667,666,3,0.463,3,3,y
1648,41,0.577,2517,3,0.334,5,3,y
608,37,0.85,2104,3,0.128,4,2,y
3150,46,0.769,0,1,0.0,5,3,n
2389,40,0.905,772,4,0.537,4,3,y
6942,53,0.472,0,3,0.0,5,3,n
7659,76,0.767,2290,3,0.983,5,1,y
5852,39,0.444,2262,4,0.837,4,3,n
5573,78,0.814,1623,3,0.601,3,3,y
2019,12,0.2,2517,4,0.812,2,3,n
3515,81,0.588,1227,2,0.078,3,2,y
3772,46,0.769,0,4,0.0,1,3,n
5886,44,0.419,0,3,0.0,6,4,n
5638,70,0.667,0,2,0.0,3,3,y
9492,77,0.974,1253,6,0.265,1,3,n
8037,89,0.816,1539,3,0.581,1,2,y
5343,55,0.833,0,3,0.0,5,3,n
1749,53,0.656,1699,2,0.717,5,3,y
811,31,0.55,1669,1,0.645,3,2,y
9187,65,0.548,581,2,0.094,1,1,n
4849,77,0.54,739,4,0.514,4,2,y
5341,42,0.273,0,3,0.0,6,2,n
1036,14,0.556,0,1,0.0,5,2,n
8078,70,0.667,1198,3,0.035,1,2,y
4144,44,0.375,1506,4,0.329,1,3,n
2046,49,0.4,1220,3,0.076,6,2,y
1079,34,0.417,1613,2,0.672,3,3,y
8520,40,0.739,2517,3,0.977,2,4,n
7998,32,0.0,2517,5,0.779,2,2,n
1148,37,0.609,1532,2,0.297,6,1,y
5105,48,0.6,576,1,0.4,4,3,n
2178,36,0.44,2156,4,0.793,6,1,y
5388,50,0.471,0,2,0.0,6,3,n
4842,76,0.767,771,2,0.359,5,3,y
3539,63,0.75,0,1,0.0,4,1,y
5413,42,0.5,0,3,0.0,6,3,n
2641,28,0.647,1813,0,0.533,5,1,y
3800,46,0.394,193,3,0.012,3,2,n
8576,54,1.0,0,3,0.0,6,4,n
1917,13,0.182,2389,4,0.348,3,3,n
1799,48,0.655,1405,4,0.401,6,1,y
3806,51,0.645,0,3,0.0,3,4,n
5814,39,0.393,1803,3,0.334,1,4,n
587,50,0.515,2174,1,0.063,5,1,y
6982,85,0.574,1590,2,0.596,6,2,y
3188,37,0.233,0,4,0.0,1,3,n
6645,93,0.788,1736,3,0.661,6,3,y
6168,83,0.886,922,3,0.057,4,2,y
8650,93,0.576,1337,1,0.249,3,3,y
3306,36,0.091,464,3,0.094,1,2,n
4856,39,0.393,0,3,0.0,3,3,n
8877,89,0.679,1434,3,0.247,2,2,y
170,37,1.467,1719,3,0.108,4,3,y
818,57,0.629,2265,1,0.878,3,3,y
3642,63,0.853,1942,3,0.558,4,1,y
4107,73,0.78,1548,3,0.171,5,2,y
7002,88,0.872,0,2,0.0,3,3,y
5055,47,0.621,2517,4,0.623,6,3,n
7296,36,0.565,2437,3,0.826,3,2,n
3767,77,0.878,1077,3,0.352,3,2,y
5443,39,0.625,0,2,0.0,6,4,n
8928,65,0.548,0,6,0.0,4,3,n
519,25,0.562,2137,3,0.078,3,2,n
8859,55,0.341,989,2,0.029,6,2,n
4581,43,0.593,0,2,0.0,5,2,n
4133,37,0.85,2268,4,0.139,1,2,n
2924,44,0.419,0,3,0.0,4,2,n
9002,100,0.515,1684,1,0.459,2,2,y
9917,64,1.207,0,4,0.0,4,2,n
4325,47,0.958,2517,5,0.705,2,3,n
2937,68,0.659,1630,2,0.703,6,2,y
200,42,0.75,866,0,0.164,5,3,y
632,41,0.367,1593,3,0.51,3,1,y
4117,38,0.407,0,3,0.0,3,3,n
5306,85,0.932,604,2,0.42,6,2,y
85,35,0.667,1910,0,0.619,5,3,y
9543,75,0.974,1273,3,0.051,4,3,n
911,69,0.533,1635,3,0.111,4,3,y
3086,42,0.556,0,4,0.0,3,4,n
2955,32,0.455,477,3,0.081,3,6,n
9433,113,0.823,0,2,0.0,2,1,y
9825,120,0.739,1761,3,0.534,6,3,y
5450,42,0.5,0,4,0.0,6,3,n
1976,51,0.545,1932,2,0.274,6,3,y
4895,84,0.75,806,0,0.185,5,3,y
7489,53,0.656,0,4,0.0,2,3,n
7181,72,0.6,1764,3,0.591,5,4,y
477,26,0.444,2362,2,0.82,6,6,y
5989,86,0.72,759,2,0.528,6,3,y
7853,80,0.667,1195,2,0.588,1,1,y
2871,36,0.565,1463,2,0.098,4,2,y
3044,72,1.0,0,4,0.0,3,2,y
2169,88,0.956,1453,2,0.167,6,1,y
3436,34,0.308,0,6,0.0,6,3,n
8369,86,0.72,1060,1,0.255,2,3,y
5657,73,0.698,1765,2,0.575,6,3,y
8633,80,0.509,629,1,0.088,3,3,y
3705,62,0.676,0,3,0.0,6,3,y
4639,70,0.628,2284,2,0.678,5,3,y
387,25,0.667,1617,2,0.161,3,3,y
2726,38,0.462,1558,2,0.637,6,2,y
8961,54,0.459,0,4,0.0,2,3,n
1399,35,0.667,0,2,0.0,5,1,y
3829,66,0.571,1366,2,0.683,4,1,y
5430,93,0.824,1349,1,0.22,6,2,y
4683,64,0.73,938,3,0.109,4,3,y
6602,42,0.556,691,3,0.462,5,3,n
9005,84,0.585,1250,1,0.156,1,3,y
9622,101,0.98,1796,2,0.151,3,1,y
593,21,0.75,0,3,0.0,3,4,n
8066,69,0.533,0,2,0.0,4,3,y
6650,37,0.276,2517,3,0.647,4,2,n
8888,49,0.485,0,2,0.0,4,2,n
4217,37,0.542,0,3,0.0,2,2,n
9484,117,0.746,1829,3,0.312,1,2,y
3215,50,0.923,1289,1,0.075,3,2,y
6550,81,0.558,888,1,0.396,3,2,y
4256,87,0.706,0,4,0.0,4,2,y
6547,37,0.321,0,4,0.0,4,3,n
3180,42,0.448,2517,3,0.187,1,2,n
6271,46,0.353,0,3,0.0,4,1,n
6480,47,0.469,0,4,0.0,3,1,n
4160,38,0.31,0,2,0.0,3,4,n
6212,74,0.51,1267,2,0.441,4,1,y
3328,32,0.455,0,2,0.0,3,3,n
4966,40,0.6,0,6,0.0,4,3,n
1006,28,0.75,0,3,0.0,2,2,n
8982,79,0.837,1822,3,0.141,1,2,y
1865,32,0.391,1901,4,0.492,5,1,y
7872,83,0.844,0,3,0.0,1,2,y
755,33,0.737,1758,2,0.524,4,3,y
2219,39,0.56,1092,2,0.175,3,3,y
5225,36,0.2,1424,3,0.11,1,3,n
3585,54,0.8,1377,3,0.485,4,3,y
5448,75,0.875,2138,1,0.71,4,1,y
9785,120,0.739,1171,3,0.069,1,2,y
2188,51,0.545,1670,2,0.215,5,1,y
6018,37,0.609,0,3,0.0,6,4,n
4595,59,0.735,975,4,0.467,3,3,n
8574,27,0.227,0,3,0.0,1,5,n
5851,41,0.414,528,3,0.248,5,2,n
5148,45,0.5,2199,4,0.289,4,2,n
9057,99,0.597,2118,3,0.127,1,3,y
8967,63,0.37,0,3,0.0,4,3,n
2478,67,1.03,1741,2,0.305,5,2,y
3197,33,0.222,1444,3,0.88,3,2,n
9990,126,0.8,1671,2,0.056,4,2,y
8152,41,0.367,0,5,0.0,4,3,n
4382,32,0.684,783,1,0.056,2,4,n
6477,83,0.694,1642,3,0.557,3,2,y
622,45,0.667,901,0,0.102,4,1,y
9714,75,0.667,796,2,0.023,2,1,n
8863,65,0.512,593,4,0.025,2,3,n
9573,109,0.703,2221,2,0.107,2,3,y
6378,61,0.605,1387,2,0.088,3,1,y
3252,63,0.537,2517,4,0.073,6,1,y
7932,49,0.75,0,3,0.0,2,3,n
5721,49,0.69,2517,3,0.615,3,3,n
6152,73,0.872,986,2,0.603,6,2,y
5651,67,0.718,1300,2,0.81,5,3,y
3561,52,0.625,2517,2,0.134,1,3,n
2880,77,1.081,2090,4,0.745,6,3,y
2556,33,0.32,2517,3,0.147,6,4,n
7483,41,0.519,0,5,0.0,4,3,n
2915,73,0.738,1435,5,0.102,4,1,y
1168,22,0.375,979,2,0.116,3,2,n
4795,43,0.344,2517,3,0.322,1,2,n
2181,53,0.656,1018,3,0.085,4,2,y
9504,105,0.694,0,3,0.0,2,3,y
9576,87,0.776,573,2,0.052,2,3,n
7704,43,0.303,0,3,0.0,3,3,n
8513,45,0.452,1521,3,0.914,4,3,n
601,45,0.8,845,2,0.371,3,2,y
9799,118,0.662,2209,3,0.591,1,2,y
7241,43,0.387,0,3,0.0,4,4,n
726,34,0.889,1839,2,0.053,4,1,y
10053,116,0.731,1784,2,0.254,3,2,y
4260,76,0.652,0,4,0.0,3,3,y
4085,49,0.485,377,4,0.222,3,4,n
5112,67,0.718,2065,2,0.598,5,5,y
7255,39,0.696,1707,4,0.835,6,4,n
9968,72,0.946,2418,4,0.073,4,2,n
1786,45,0.8,0,3,0.0,3,2,y
4603,41,0.414,0,2,0.0,3,3,n
5243,73,0.659,538,2,0.374,6,2,y
7018,37,0.542,799,2,0.094,5,2,n
10005,99,0.8,2179,4,0.097,6,2,y
619,37,1.056,2517,3,0.303,6,1,y
8010,71,0.972,970,1,0.09,1,3,y
8600,88,0.467,1187,2,0.074,2,3,y
294,37,2.083,1814,0,0.078,6,3,y
10124,60,0.818,0,4,0.0,5,3,n
7098,69,0.643,1346,3,0.416,6,2,y
1212,42,0.909,1303,4,0.175,3,2,y
9086,97,0.865,1568,2,0.083,2,2,y
6742,69,0.971,0,2,0.0,3,5,y
5236,36,0.385,1300,4,0.342,3,3,n
4424,39,0.696,1605,4,0.881,3,2,n
4219,59,0.735,0,2,0.0,5,2,y
5627,75,0.875,1175,3,0.606,4,3,y
5017,75,0.667,0,2,0.0,6,2,y
6115,76,0.854,0,3,0.0,3,1,y
8317,81,0.8,1057,2,0.377,1,6,y
7789,73,0.921,0,3,0.0,3,1,y
1437,55,0.774,1018,4,0.029,4,3,y
8001,93,0.788,2057,3,0.952,2,1,y
1665,18,1.0,0,4,0.0,2,2,n
2740,67,0.675,1108,1,0.203,3,3,y
2899,67,0.634,917,3,0.057,5,1,y
8506,71,0.651,1480,3,0.664,1,2,y
1382,62,0.879,1212,4,0.252,3,3,y
3810,35,0.591,0,3,0.0,6,3,n
6984,69,0.683,1430,2,0.715,6,4,y
5619,37,0.85,621,1,0.306,3,3,n
3033,36,0.286,1397,4,0.346,4,2,y
283,14,0.273,0,1,0.0,3,3,n
9726,110,0.618,0,2,0.0,2,1,y
1842,55,0.618,1308,2,0.463,4,3,y
1579,30,1.0,1118,2,0.52,4,1,y
6482,43,0.387,834,2,0.58,3,2,n
4679,70,0.458,0,1,0.0,4,3,y
9805,64,0.73,2416,2,0.293,1,2,n
4642,46,0.769,790,5,0.509,1,3,n
6294,40,0.6,0,3,0.0,5,3,n
9800,56,0.806,1983,2,0.205,1,1,n
4511,42,0.826,0,2,0.0,5,0,n
3435,82,0.708,1015,4,0.442,6,3,y
10006,82,0.907,1534,3,0.066,1,3,n
1774,72,0.674,873,4,0.059,4,3,y
4335,51,0.645,0,3,0.0,3,3,n
5027,66,0.737,2517,3,0.554,3,3,y
4593,40,0.6,0,6,0.0,6,2,n
3248,69,0.769,0,2,0.0,5,2,y
9758,73,0.78,0,3,0.0,2,2,n
1003,22,0.467,2517,2,0.675,6,2,n
1559,58,0.706,1898,3,0.305,5,3,y
5588,38,0.357,2517,4,0.282,6,3,n
9603,116,0.812,734,3,0.074,2,1,y
7673,68,0.744,2208,2,0.785,4,2,y
4229,72,0.565,1298,4,0.519,5,3,y
4619,77,0.791,1336,3,0.506,6,2,y
7921,39,0.56,0,2,0.0,5,2,n
2043,18,0.385,0,4,0.0,3,3,n
8873,86,0.623,1829,2,0.102,2,2,y
9152,57,0.462,2517,2,0.17,6,3,n
7415,41,0.577,2353,3,0.907,4,3,n
7825,55,0.618,0,3,0.0,3,3,n
1047,52,0.733,2145,3,0.352,5,2,y
7947,73,0.587,0,3,0.0,1,3,y
4924,89,0.648,0,1,0.0,6,2,y
3907,75,0.596,0,3,0.0,6,2,y
8327,53,0.71,0,4,0.0,6,3,n
4886,51,0.889,0,3,0.0,1,4,n
4459,63,0.853,1853,1,0.626,6,3,y
564,17,0.214,0,3,0.0,2,5,n
9363,82,0.708,0,1,0.0,1,6,n
3889,49,0.633,2517,4,0.814,1,2,n
6857,81,0.8,986,3,0.686,5,4,y
7377,50,0.562,0,2,0.0,6,2,n
9739,63,0.703,264,3,0.009,4,1,n
4362,41,0.64,0,5,0.0,2,3,n
7550,37,0.542,946,4,0.039,4,3,n
3207,71,0.543,1319,3,0.106,3,3,y
846,26,0.529,0,3,0.0,5,2,n
9841,131,0.795,2253,3,0.065,4,2,y
10017,114,0.781,0,0,0.0,3,3,y
9793,58,0.487,0,3,0.0,4,3,n
6218,42,0.5,0,3,0.0,4,2,n
9108,94,0.88,846,3,0.025,1,1,y
1627,61,0.848,1717,3,0.771,5,2,y
816,28,0.333,350,4,0.037,2,3,n
1303,55,0.447,1968,2,0.205,6,1,y
5605,44,0.467,2488,3,0.126,4,3,n
8684,83,0.729,2138,2,0.94,3,2,y
7333,50,0.429,0,4,0.0,4,3,n
6103,56,0.436,2517,4,0.584,5,3,n
3775,70,0.556,1204,2,0.087,6,2,y
6083,36,0.125,0,3,0.0,3,6,n
5317,68,0.581,1573,3,0.602,4,3,y
5067,45,0.452,0,4,0.0,5,2,n
9238,112,0.778,2239,1,0.329,2,3,y
5374,49,0.885,1835,3,0.188,6,6,y
1968,45,0.552,0,4,0.0,2,2,n
7081,43,0.344,0,2,0.0,3,3,n
1427,64,1.0,1397,4,0.365,3,2,y
1256,30,2.0,1898,2,0.616,4,3,y
10103,77,0.791,0,4,0.0,4,3,n
1350,30,0.111,0,2,0.0,3,1,n
2774,73,0.659,1572,4,0.299,5,3,y
5988,65,1.321,1915,3,0.055,4,3,y
4192,33,0.375,0,3,0.0,2,2,n
9791,111,1.018,1823,1,0.119,2,3,y
7001,68,0.7,813,2,0.465,3,1,y
652,31,0.55,1676,3,0.068,5,2,y
3900,76,0.617,1257,2,0.06,4,2,y
1202,31,0.409,0,2,0.0,3,3,n
8110,43,0.483,351,3,0.215,6,4,n
1320,50,0.515,1063,3,0.17,3,3,y
2258,60,0.364,0,4,0.0,3,2,y
9646,128,0.778,1871,2,0.15,3,3,y
9961,106,0.71,2305,4,0.067,4,1,y
5677,40,0.481,2137,3,0.828,3,3,n
5943,41,0.414,706,3,0.158,3,5,n
6377,59,1.034,0,2,0.0,5,3,y
887,27,1.25,0,3,0.0,2,1,n
7696,69,0.643,1980,1,0.528,6,2,y
6866,81,1.025,0,2,0.0,6,2,y
2785,46,0.586,651,4,0.273,2,6,n
8752,59,0.639,1606,2,0.678,5,3,n
8031,41,0.464,0,3,0.0,4,3,n
9888,84,0.909,0,3,0.0,2,4,n
9660,115,0.855,1299,1,0.065,3,2,y
5039,70,0.489,0,2,0.0,6,3,y
8146,44,0.63,0,3,0.0,4,2,n
4435,35,0.458,0,3,0.0,1,2,n
3905,33,0.32,0,3,0.0,4,4,n
8267,41,0.367,2426,0,0.831,2,3,n
2601,49,0.441,2130,4,0.557,4,1,y
6584,61,1.033,2220,3,0.87,6,2,y
1492,35,1.059,1267,3,0.602,4,1,y
7569,28,0.474,0,4,0.0,3,3,n
6491,39,0.5,0,4,0.0,1,3,n
2379,61,0.694,0,4,0.0,3,1,y
9400,87,1.122,0,2,0.0,1,2,n
4414,43,0.483,0,4,0.0,3,3,n
6506,45,0.364,0,1,0.0,4,3,n
8554,46,0.586,0,3,0.0,6,3,n
7667,45,0.406,493,3,0.102,3,3,n
8505,54,0.742,2517,2,0.665,6,3,n
9553,119,0.75,2136,3,0.062,2,3,y
8167,50,1.083,2517,4,0.591,1,4,n
3611,69,0.683,1291,2,0.461,3,1,y
9530,54,0.862,0,2,0.0,2,4,n
9147,100,0.786,2517,1,0.262,2,2,y
6171,77,1.2,2196,2,0.704,3,1,y
6288,90,0.837,1379,1,0.114,3,3,y
8700,60,0.395,0,2,0.0,2,3,n
4431,67,0.763,2517,1,0.348,4,2,y
9026,73,0.698,2477,3,0.328,2,3,n
8177,35,0.296,0,3,0.0,2,3,n
4051,52,0.733,1426,3,0.671,6,2,y
5817,45,0.406,671,3,0.353,5,3,n
1290,35,1.059,2028,2,0.136,5,2,y
2576,49,0.485,1535,2,0.968,4,3,y
5648,39,0.393,0,2,0.0,4,3,n
5182,53,0.656,2384,4,0.887,5,3,n
8880,59,0.372,2415,3,0.222,5,3,n
8723,97,0.54,1705,3,0.622,2,1,y
4286,43,0.536,2297,4,0.067,2,4,n
5694,41,0.577,278,3,0.011,5,4,n
6419,41,0.577,0,3,0.0,5,2,n
10057,116,0.706,1368,4,0.063,5,3,y
6718,86,0.72,1678,1,0.651,4,2,y
5247,28,0.273,0,4,0.0,1,2,n
2464,30,0.429,753,5,0.145,5,1,y
7535,81,0.653,1373,1,0.588,3,3,y
5966,36,0.8,0,3,0.0,6,4,n
6131,37,0.423,0,3,0.0,3,6,n
3996,76,0.854,1751,4,0.768,6,4,y
6434,63,0.5,0,3,0.0,4,2,n
6137,86,0.955,1812,3,0.662,5,3,y
4302,42,0.448,0,4,0.0,5,0,n
7783,52,0.529,0,2,0.0,2,2,n
4153,38,0.31,0,4,0.0,5,3,n
1289,45,0.667,2517,4,0.105,3,2,y
9578,76,0.949,0,3,0.0,2,3,n
8847,93,0.5,1950,3,0.701,1,3,y
8227,48,0.846,0,3,0.0,1,2,n
8665,51,0.457,1273,3,0.037,2,3,n
3727,70,0.795,783,4,0.544,6,3,y
7185,69,0.725,860,1,0.079,6,1,y
7939,81,0.473,603,1,0.173,2,2,y
5122,59,0.967,869,3,0.604,5,1,y
8681,82,0.708,1302,3,0.063,2,3,y
9577,105,0.78,0,1,0.0,2,3,y
4332,89,0.712,814,3,0.25,5,3,y
1707,26,0.368,0,4,0.0,1,3,n
8268,49,0.75,0,3,0.0,5,3,n
120,13,0.625,1023,2,0.03,3,2,y
4255,51,0.545,0,3,0.0,3,3,n
3950,44,0.375,1553,3,0.077,3,4,n
2897,63,0.75,2517,2,0.942,6,1,y
8879,91,0.625,1509,3,0.044,2,1,y
4430,59,0.639,0,2,0.0,3,2,y
4367,38,0.226,1252,4,0.116,6,3,n
1924,78,0.625,1640,3,0.067,5,2,y
9519,120,0.69,824,1,0.218,1,3,y
9513,67,0.763,2517,2,0.073,2,3,n
1005,24,0.5,916,3,0.138,2,2,n
1120,23,0.643,1408,3,0.181,3,1,n
6726,71,1.088,0,3,0.0,4,2,y
6411,44,0.63,0,3,0.0,3,3,n
6179,55,0.618,1472,2,0.432,3,2,n
8130,78,0.773,0,3,0.0,2,3,y
4900,49,0.531,0,3,0.0,4,2,n
8204,57,0.541,1614,5,0.6,5,3,n
964,36,0.714,1394,2,0.36,3,3,y
4378,77,0.638,1417,4,0.041,6,3,y
2672,69,0.816,1090,1,0.224,3,2,y
1848,76,0.689,0,4,0.0,5,3,y
4788,38,0.31,0,2,0.0,5,1,n
8562,88,0.6,2517,3,0.876,1,2,y
6238,86,0.83,1651,2,0.664,3,2,y
1789,50,0.852,1864,4,0.913,6,1,y
9447,113,0.687,992,2,0.03,1,1,y
2667,62,0.59,1950,5,0.432,5,2,y
158,24,2.429,0,2,0.0,4,3,y
3507,81,0.841,2081,2,0.262,4,2,y
5948,66,0.833,1196,1,0.504,6,2,y
2940,80,0.739,0,4,0.0,5,2,y
2426,47,0.958,1393,2,0.215,6,1,y
1251,24,0.263,0,3,0.0,3,2,n
7193,48,0.5,0,6,0.0,5,3,n
8507,42,0.556,795,2,0.219,2,3,n
8226,79,0.612,1896,3,0.642,1,3,y
3085,40,0.6,1393,3,0.246,5,1,y
140,18,0.8,0,3,0.0,1,3,n
4427,74,0.721,803,2,0.078,4,2,y
2618,71,0.479,0,2,0.0,3,3,y
5420,82,0.708,512,1,0.356,3,1,y
1856,76,0.689,1897,4,0.283,6,3,y
11,26,1.364,1587,3,0.174,6,2,y
1227,55,0.571,680,2,0.473,6,1,y
6517,67,0.595,1826,3,0.655,5,3,y
8051,40,0.429,0,3,0.0,5,3,n
4814,85,0.848,2517,3,0.678,5,2,y
475,25,0.562,0,2,0.0,3,3,n
9549,106,0.767,1608,3,0.158,1,2,y
230,12,0.714,1025,3,0.713,4,4,n
7574,86,0.654,1759,2,0.291,3,1,y
3692,41,0.708,1966,1,0.951,1,3,n
61,15,0.5,0,4,0.0,2,4,n
4650,37,0.423,0,3,0.0,2,3,n
8012,41,0.577,0,2,0.0,4,3,n
9295,112,0.75,1131,3,0.033,1,1,y
634,46,0.586,2021,2,0.819,3,3,y
9655,79,1.079,0,6,0.0,3,4,n
5352,37,0.37,0,4,0.0,3,2,n
1340,40,0.905,1248,3,0.623,4,3,y
1998,86,0.911,1812,4,0.692,6,3,y
7533,88,1.095,1884,1,0.741,3,1,y
2967,42,0.556,0,4,0.0,5,3,n
7876,63,0.658,1582,2,0.191,2,2,y
8676,42,0.5,2517,2,0.073,3,3,n
7751,76,1.171,2517,2,0.607,2,3,y
5044,49,0.69,0,6,0.0,3,2,n
8974,89,0.589,2088,1,0.06,1,2,y
717,28,0.4,0,3,0.0,2,2,n
9358,74,1.056,0,3,0.0,6,3,n
7578,75,0.562,0,3,0.0,6,1,y
6826,40,0.481,0,3,0.0,5,3,n
2768,42,0.312,0,4,0.0,6,3,y
3249,72,0.756,1686,2,0.049,5,2,y
9313,74,0.85,0,3,0.0,5,1,n
5716,88,0.6,777,2,0.189,4,1,y
8558,34,0.417,145,3,0.016,2,3,n
7675,81,0.761,0,3,0.0,5,3,y
7029,89,0.816,982,2,0.106,4,4,y
1610,59,0.639,2097,4,0.226,6,1,y
8748,83,0.729,1917,3,0.268,1,3,y
2307,35,0.591,2517,4,0.789,5,3,y
8697,77,0.638,1143,3,0.115,2,3,y
8567,38,0.583,2104,3,0.956,4,3,n
6745,91,0.75,2412,2,0.862,4,5,y
5084,35,0.25,2517,3,0.684,2,1,n
8007,75,0.63,0,1,0.0,2,2,y
5975,66,0.65,1868,3,0.684,6,2,y
3261,65,0.757,1101,3,0.101,3,3,y
9163,56,0.244,0,3,0.0,1,2,n
1420,33,0.941,2409,2,0.436,5,2,y
7930,83,0.694,0,1,0.0,1,1,y
9950,84,0.615,0,1,0.0,4,2,n
6549,75,0.63,0,1,0.0,4,4,y
8442,57,0.727,0,6,0.0,1,0,n
5877,77,0.674,2170,3,0.285,4,3,y
7899,74,0.897,585,1,0.069,1,3,y
3401,67,0.675,1219,4,0.197,3,1,y
7855,46,0.84,0,2,0.0,2,3,n
4483,39,0.345,0,3,0.0,3,3,n
9392,100,0.754,1881,3,0.198,1,2,y
9570,66,0.886,2517,3,0.593,2,1,n
3016,33,0.65,0,4,0.0,1,3,n
6332,63,0.8,1870,2,0.181,5,1,y
2468,31,0.632,2260,2,0.345,3,2,y
5633,33,0.375,0,4,0.0,3,3,n
4262,46,0.533,0,4,0.0,1,3,n
5829,39,0.56,0,3,0.0,3,5,n
3938,73,0.825,1175,4,0.1,4,3,y
7467,65,0.667,1183,3,0.822,3,1,y
8518,84,0.909,0,3,0.0,2,2,y
6992,37,0.609,2498,3,0.925,4,3,n
4298,39,0.345,0,5,0.0,2,2,n
6945,32,0.231,794,2,0.032,4,3,n
690,38,0.407,1389,0,0.1,6,3,y
3310,37,0.276,0,2,0.0,5,3,n
1332,60,0.579,2242,2,0.337,5,2,y
3779,42,1.0,2386,3,0.421,6,3,n
3354,41,0.519,0,4,0.0,2,3,n
7264,45,0.406,725,2,0.399,4,3,n
822,37,0.682,0,3,0.0,4,3,y
4930,46,0.484,1506,4,0.52,6,2,n
5565,66,0.571,1920,4,0.407,5,1,y
3626,55,0.528,0,4,0.0,5,3,y
9153,104,0.733,1253,1,0.168,2,1,y
9599,69,0.769,0,2,0.0,2,3,n
322,22,1.75,1926,2,0.2,4,1,y
2065,21,0.909,773,1,0.264,5,1,y
5102,42,0.312,886,4,0.616,4,3,n
4088,30,0.5,1355,3,0.272,4,3,y
8526,51,1.217,970,3,0.645,2,3,n
6444,52,0.625,2517,3,0.303,4,2,n
6810,47,0.469,0,2,0.0,1,3,n
7478,35,0.591,1035,3,0.224,2,4,n
9850,78,0.773,829,3,0.047,6,1,n
7793,50,0.562,2517,1,0.38,3,3,n
9809,60,0.875,0,6,0.0,1,3,n
5334,47,0.516,1771,2,0.424,3,3,n
9112,69,0.816,2517,3,0.276,4,3,n
640,47,0.306,1406,3,0.046,3,3,n
2200,43,0.72,1168,4,0.038,5,3,y
7967,78,0.733,0,3,0.0,1,3,y
6446,38,0.583,526,2,0.32,1,3,n
1721,26,1.167,2517,4,0.221,3,0,n
6882,87,0.891,1488,2,0.125,5,3,y
5086,40,0.481,0,4,0.0,4,3,n
10113,85,0.809,2517,2,0.189,2,3,n
6664,38,0.583,0,3,0.0,6,4,n
3167,23,0.278,1113,2,0.078,4,3,y
1752,20,0.053,0,4,0.0,3,2,n
9200,66,0.65,1175,5,0.315,6,1,n
6430,90,0.8,1565,1,0.676,5,1,y
3041,63,0.8,0,2,0.0,6,3,y
2793,47,0.621,0,3,0.0,3,2,n
4045,40,0.333,2222,3,0.248,3,3,n
5571,36,0.385,2517,3,0.168,4,2,n
6468,41,0.414,959,2,0.306,4,2,n
5107,26,0.368,0,4,0.0,6,3,n
6102,78,0.902,1871,1,0.698,5,2,y
7468,79,0.756,1314,2,0.734,4,3,y
4445,43,0.483,749,3,0.467,3,3,n
548,28,0.273,0,1,0.0,3,3,n
10008,61,0.564,492,2,0.031,6,2,n
7766,51,0.645,872,4,0.561,3,2,n
2570,76,0.583,1942,5,0.38,6,2,y
881,33,0.32,288,3,0.033,1,3,n
4237,39,0.393,2517,2,0.498,2,2,n
3358,59,0.903,1597,0,0.1,5,2,y
8603,86,0.654,1013,2,0.092,3,2,y
5481,43,0.483,412,3,0.265,5,2,n
9680,73,0.825,0,2,0.0,2,3,n
9211,77,0.833,478,2,0.075,2,3,n
4167,76,0.81,1714,3,0.653,4,1,y
6893,53,0.767,1384,6,0.351,3,2,n
2595,83,0.804,927,2,0.279,3,1,y
8205,71,0.614,1889,1,0.261,1,1,y
7069,87,0.776,0,1,0.0,4,3,y
1278,27,0.35,1164,3,0.039,4,3,n
6720,31,0.409,0,2,0.0,3,4,n
9545,54,1.0,2138,1,0.215,5,3,n
8029,83,0.66,2517,3,0.766,1,1,y
831,37,0.947,658,3,0.118,6,3,y
9641,62,0.722,0,3,0.0,3,3,n
813,21,0.615,0,1,0.0,4,3,n
6967,86,0.654,1608,3,0.218,4,2,y
7663,43,0.303,0,3,0.0,4,3,n
7903,48,0.548,487,3,0.041,4,2,n
6539,66,0.692,1819,1,0.613,6,1,y
2042,49,1.042,1516,4,0.099,4,4,y
3559,67,0.675,1241,2,0.567,4,1,y
2953,42,0.5,2178,1,0.599,3,5,n
7082,43,0.654,0,3,0.0,1,3,n
7858,40,0.6,0,2,0.0,5,3,n
8694,92,0.673,1913,1,0.055,3,2,y
3157,46,0.586,2174,6,0.239,2,3,n
9627,65,0.806,0,3,0.0,2,3,n
6362,51,0.545,0,2,0.0,6,3,n
7461,40,0.481,2517,4,0.501,2,2,n
8857,56,0.474,0,1,0.0,2,3,n
4181,88,0.66,1501,3,0.615,3,1,y
9911,124,0.676,924,4,0.047,4,1,y
8278,94,0.843,0,3,0.0,2,2,y
8647,96,0.412,1143,1,0.197,2,2,y
8431,47,0.621,0,3,0.0,2,3,n
9418,72,0.846,2517,3,0.171,2,3,n
1853,64,0.561,1782,3,0.614,3,3,y
5047,84,0.909,2517,3,0.79,4,2,y
6700,45,0.731,2517,3,0.685,5,2,n
4731,49,0.361,0,3,0.0,3,3,n
9101,58,0.758,925,2,0.321,2,2,n
1647,45,0.607,816,2,0.069,3,1,y
2118,52,0.368,1550,2,0.216,4,3,y
9269,131,0.819,1950,3,0.136,1,2,y
5251,39,0.857,0,4,0.0,1,0,n
8692,92,0.614,1402,1,0.21,3,3,y
52,38,1.923,2179,2,0.687,3,4,y
26,23,1.3,1374,2,0.093,4,1,y
1781,74,1.114,0,4,0.0,5,4,y
6625,44,0.467,1037,3,0.228,5,1,n
6679,71,0.511,796,2,0.132,5,2,y
3578,60,0.818,2271,2,0.867,4,3,y
2242,71,0.69,1720,2,0.554,6,3,y
7915,43,0.536,0,3,0.0,6,3,n
4178,69,0.816,1525,2,0.776,5,3,y
5668,37,0.682,2517,2,0.318,4,3,n
5889,40,0.429,0,1,0.0,3,2,n
4434,92,0.878,1488,1,0.481,4,2,y
3801,43,0.654,1733,3,0.126,1,3,n
4507,73,0.587,1427,4,0.766,5,2,y
3525,76,0.767,0,1,0.0,4,3,y
3361,73,0.659,0,2,0.0,5,1,y
9796,91,1.022,0,6,0.0,6,3,n
1972,22,1.444,0,3,0.0,3,2,n
4021,36,0.8,0,2,0.0,2,3,n
5268,41,0.519,2517,4,0.809,5,2,n
5324,44,0.571,1477,3,0.75,6,4,n
4536,40,0.333,966,3,0.038,5,2,n
6422,66,0.833,1297,3,0.672,5,3,y
2346,71,0.651,1559,3,0.142,3,3,y
6135,77,0.638,2038,3,0.209,4,2,y
10055,75,0.786,0,3,0.0,4,3,n
9683,63,0.75,0,2,0.0,2,2,n
331,28,1.0,2242,3,0.447,4,1,y
7339,75,0.786,2018,1,0.101,5,1,y
3963,48,0.714,2517,3,0.87,2,2,n
5057,39,0.625,0,2,0.0,3,2,n
3521,27,0.5,1544,3,0.171,4,1,y
4802,49,0.531,0,3,0.0,1,2,n
6790,33,0.269,0,3,0.0,5,2,n
10063,121,0.806,2517,3,0.673,4,2,y
7556,86,0.686,1133,2,0.336,3,3,y
8775,74,0.682,708,3,0.311,1,3,y
3782,73,0.553,1375,2,0.105,3,2,y
3008,89,0.78,1375,3,0.122,6,1,y
9327,77,0.481,0,2,0.0,6,2,n
6672,71,0.919,1087,3,0.302,5,1,y
5608,53,1.12,722,2,0.502,5,3,y
8439,84,0.714,998,2,0.512,1,1,y
396,38,0.727,843,2,0.03,5,1,y
8504,83,0.694,2014,3,0.603,2,3,y
2985,62,0.771,2517,5,0.102,3,1,y
5141,68,1.125,1020,4,0.447,3,3,y
2296,34,0.478,0,4,0.0,5,3,n
9721,104,0.552,1267,3,0.411,2,2,y
5958,31,0.292,0,2,0.0,2,3,n
8486,52,0.733,855,3,0.195,2,2,n
2904,75,0.923,0,2,0.0,4,1,y
4821,47,1.136,0,1,0.0,3,2,n
659,17,0.133,554,3,0.261,3,3,n
1867,10,0.25,0,4,0.0,3,3,n
4249,49,0.885,0,1,0.0,2,3,n
5714,49,0.815,0,6,0.0,5,2,n
198,21,0.615,900,2,0.626,1,3,n
9552,63,0.75,2517,3,0.073,6,3,n
5527,49,0.531,2480,2,0.919,5,2,n
3798,50,0.562,0,4,0.0,3,3,n
2123,25,0.923,2517,2,0.801,4,2,y
2435,83,0.537,1499,4,0.114,3,2,y
8759,47,0.382,0,1,0.0,2,2,n
261,23,0.353,0,1,0.0,1,4,n
3389,83,0.804,1860,2,0.726,4,2,y
3718,37,0.276,0,3,0.0,1,4,n
9566,69,0.769,0,1,0.0,5,3,n
4020,70,0.556,0,4,0.0,3,3,y
7009,45,0.552,0,3,0.0,4,3,n
9579,111,0.762,862,3,0.025,2,1,y
5212,29,0.261,0,2,0.0,5,3,n
9811,64,0.73,230,3,0.057,1,2,n
9405,112,0.697,1525,3,0.466,2,4,y
9747,67,0.763,2331,2,0.522,6,2,n
5937,73,0.825,1436,2,0.042,3,4,y
9740,61,0.605,2517,3,0.481,2,4,n
3510,55,0.486,905,2,0.048,6,2,y
4420,51,0.545,2517,3,0.655,1,2,n
8220,29,0.318,1012,4,0.413,2,2,n
4790,89,0.854,1452,1,0.223,3,1,y
6730,55,0.774,1683,2,0.331,5,2,y
8181,45,0.552,0,3,0.0,2,2,n
4327,81,0.62,1810,3,0.057,5,3,y
7997,39,0.5,0,4,0.0,5,2,n
9848,70,0.707,0,4,0.0,6,2,n
1237,47,0.567,1260,2,0.575,6,3,y
2606,77,0.54,0,4,0.0,6,3,y
6295,45,0.406,500,4,0.304,3,3,n
7968,80,0.818,952,3,0.493,1,3,y
7643,71,0.614,775,2,0.456,4,1,y
134,32,1.0,797,3,0.246,2,1,y
7788,85,0.889,1907,2,0.365,2,6,y
2873,31,0.292,0,3,0.0,3,3,n
3292,62,0.55,1217,1,0.06,5,3,y
9505,123,0.685,1230,1,0.134,1,3,y
757,29,2.222,0,3,0.0,2,3,n
6246,44,0.63,1647,3,0.898,6,1,n
2078,30,0.25,1126,1,0.448,6,1,y
6257,82,0.673,1465,2,0.676,5,2,y
1582,27,0.038,1986,4,0.487,5,2,n
1244,49,1.042,1567,3,0.748,6,1,y
4114,77,0.833,2517,2,0.39,3,1,y
3501,38,0.52,1767,3,0.254,2,3,n
9090,103,0.717,2273,3,0.066,2,1,y
9333,74,0.574,0,1,0.0,1,4,n
5233,63,0.8,0,1,0.0,3,2,y
8344,66,1.2,1434,2,0.229,1,3,y
6542,73,0.659,0,2,0.0,6,3,y
6541,29,0.074,0,3,0.0,3,2,n
466,30,1.5,2061,3,0.147,5,2,y
752,15,0.5,2238,3,0.548,2,3,n
2819,49,0.361,1205,3,0.542,5,3,y
10031,120,0.765,1307,2,0.038,3,1,y
5542,36,0.333,316,4,0.074,5,4,n
9074,62,0.59,0,2,0.0,5,3,n
7830,85,0.7,1395,2,0.536,2,2,y
5670,72,0.846,0,2,0.0,5,3,y
2551,27,0.588,0,3,0.0,4,2,y
136,26,0.733,2100,2,0.271,5,3,y
3763,70,0.556,1212,4,0.25,5,1,y
5836,50,0.667,1999,4,0.801,5,3,n
288,21,0.235,2221,2,0.877,6,2,n
2505,44,1.0,2403,4,0.858,4,3,y
5664,39,0.444,1214,2,0.844,5,2,n
7253,35,0.522,186,2,0.106,1,4,n
7914,38,0.52,1012,3,0.609,5,3,n
4030,36,0.385,1933,2,0.44,2,2,n
3839,63,0.853,0,3,0.0,3,3,n
7365,89,0.78,1726,1,0.637,3,3,y
5660,62,0.55,321,3,0.025,3,3,n
4202,45,0.607,0,3,0.0,2,4,n
7276,53,0.359,2517,1,0.843,1,2,n
4805,31,0.632,478,2,0.129,3,2,n
5998,42,0.4,0,5,0.0,5,4,n
7401,86,0.755,1366,3,0.878,5,1,y
7133,42,0.5,0,3,0.0,1,3,n
369,25,0.786,1785,2,0.09,5,3,y
9883,67,0.595,2517,4,0.369,6,3,n
790,25,0.786,2211,2,0.2,5,3,y
8749,55,0.486,2517,3,0.562,1,3,n
6580,51,0.594,503,3,0.206,5,3,n
5458,36,0.44,2389,2,0.234,1,2,n
1317,33,0.833,1092,3,0.328,5,3,y
10118,63,1.1,952,4,0.096,6,3,n
5549,48,0.548,0,3,0.0,3,3,n
256,34,1.125,953,0,0.043,4,1,y
3655,45,0.5,0,2,0.0,2,3,n
996,34,0.214,1530,2,0.346,3,1,y
4878,34,0.417,0,3,0.0,3,2,n
1872,27,0.174,2189,2,0.844,5,1,y
1141,31,0.722,0,1,0.0,2,1,n
9346,75,0.786,0,2,0.0,1,3,n
5025,36,0.333,0,4,0.0,4,2,n
9388,60,0.176,0,3,0.0,4,2,n
2630,38,1.111,2028,2,0.068,6,2,y
5380,36,0.333,2517,2,0.709,4,2,n
10066,117,0.696,1736,3,0.101,3,6,y
5777,59,0.735,790,3,0.549,5,2,y
2195,55,0.667,1624,3,0.49,3,3,y
8273,77,0.674,2171,2,0.105,2,2,y
2244,41,0.783,1115,3,0.361,4,3,y
9734,94,0.774,2148,1,0.139,1,3,y
5423,86,0.911,938,1,0.582,5,1,y
1356,29,0.526,0,1,0.0,5,1,n
473,14,0.4,0,3,0.0,2,2,n
4493,43,0.72,1692,3,0.448,2,3,n
3164,43,0.483,2517,3,0.217,4,3,n
9826,120,0.935,2165,2,0.38,4,2,y
775,19,0.583,0,2,0.0,2,1,n
917,64,0.6,1496,3,0.118,6,2,y
8573,51,0.821,2517,2,0.619,2,3,n
6484,42,0.077,0,2,0.0,3,3,n
922,21,0.4,2418,3,0.501,3,3,n
714,36,0.8,987,2,0.045,4,3,y
5907,42,0.355,1735,1,0.866,3,5,n
7739,79,0.646,966,0,0.313,2,3,y
3363,37,0.609,0,3,0.0,3,3,n
446,19,0.727,0,2,0.0,1,2,n
4661,47,0.516,331,3,0.188,4,2,n
9097,63,0.853,0,3,0.0,5,3,n
9423,110,0.642,1290,1,0.053,1,2,y
5329,60,0.538,0,1,0.0,6,3,y
9099,56,0.647,787,2,0.129,5,3,n
206,27,0.421,0,3,0.0,2,4,n
1882,45,0.731,939,3,0.055,3,2,y
4042,70,0.628,756,1,0.137,5,2,y
4552,79,0.756,0,4,0.0,5,3,y
6399,48,0.6,0,3,0.0,5,1,n
8751,89,0.618,0,2,0.0,2,3,y
4444,76,0.551,1076,2,0.583,5,2,y
6785,46,0.484,2517,2,0.423,3,2,n
8286,87,0.977,0,1,0.0,2,3,y
6157,77,0.75,1611,1,0.704,5,3,y
3631,45,0.452,2517,1,0.14,6,2,n
7603,90,0.731,1965,1,0.254,5,1,y
7053,74,0.947,2148,1,0.205,4,3,y
4898,39,0.393,2517,3,0.866,2,2,n
8149,49,0.361,0,5,0.0,2,3,n
7350,37,0.609,0,2,0.0,3,4,n
5953,50,0.316,0,4,0.0,3,3,n
1950,24,1.182,0,3,0.0,6,2,n
3368,83,0.804,0,1,0.0,6,1,y
2983,25,0.667,1018,4,0.037,3,3,y
6593,67,0.558,1759,1,0.503,6,3,y
8208,44,0.419,0,4,0.0,2,3,n
3176,73,0.622,1380,2,0.083,3,2,y
2032,18,0.286,0,4,0.0,6,3,n
7228,65,0.806,1242,3,0.702,5,2,y
6564,54,0.688,0,2,0.0,5,2,n
7996,48,0.778,0,3,0.0,2,3,n
3598,51,0.759,2319,3,0.309,2,2,n
5363,43,0.433,2422,4,0.897,4,5,n
9584,116,0.841,1331,2,0.317,2,1,y
6024,70,0.628,1322,3,0.207,6,1,y
7768,48,0.231,468,3,0.09,2,3,n
9668,86,0.83,1907,2,0.143,3,3,n
4840,75,0.786,1665,4,0.303,4,6,y
5208,56,0.75,0,3,0.0,5,1,y
2655,57,1.036,1316,4,0.528,5,1,y
6329,47,0.679,0,3,0.0,5,3,n
9277,63,0.853,0,3,0.0,1,4,n
2637,50,0.724,1746,2,0.076,4,3,y
6440,47,0.306,216,3,0.006,5,3,n
2783,85,0.635,1070,3,0.532,2,3,y
3538,53,0.71,1266,2,0.156,4,1,y
3099,69,1.091,0,0,0.0,4,1,y
99,18,0.385,1628,3,0.299,2,3,n
4103,46,0.394,157,1,0.02,3,3,n
1560,71,0.972,1769,3,0.647,6,1,y
8026,42,0.448,2517,2,0.642,6,3,n
6252,47,0.119,0,3,0.0,3,2,n
8569,70,0.75,0,1,0.0,1,2,y
658,25,1.083,700,2,0.456,5,1,y
6396,44,0.63,2517,3,0.571,6,2,n
71,36,0.286,1034,3,0.467,5,3,y
5022,75,0.829,2378,4,0.765,5,1,y
326,49,0.581,1355,2,0.224,3,2,y
1176,57,1.111,0,4,0.0,4,2,y
6272,82,0.745,1385,3,0.401,4,2,y
3457,46,0.394,2391,2,0.447,6,3,n
5724,44,0.692,0,3,0.0,3,3,n
4272,41,0.464,0,4,0.0,5,2,n
2488,65,0.477,607,1,0.057,3,1,y
1818,25,0.19,0,3,0.0,5,1,n
1549,64,0.641,1063,2,0.06,3,1,y
707,35,0.667,1656,3,0.402,4,3,y
4971,67,0.675,0,2,0.0,5,1,y
6567,93,0.755,2176,1,0.925,4,5,y
8538,51,0.759,0,2,0.0,5,2,n
5041,85,0.667,1087,3,0.169,3,3,y
6891,42,0.75,546,3,0.258,3,5,n
5301,40,0.538,0,3,0.0,4,3,n
8882,63,0.465,304,3,0.017,5,2,n
5765,31,0.107,0,2,0.0,3,2,n
8247,88,0.833,1303,2,0.479,2,3,y
6104,77,0.674,1659,1,0.752,5,3,y
2369,19,0.462,1880,3,0.147,6,1,y
9783,94,0.741,1171,2,0.226,1,1,y
9569,87,0.977,859,4,0.177,2,5,n
4839,40,0.667,0,2,0.0,6,4,n
9389,69,0.683,0,2,0.0,2,3,n
2302,62,0.59,955,4,0.203,4,3,y
4282,30,0.5,0,4,0.0,3,4,n
7426,83,0.766,1782,1,0.689,3,2,y
9265,121,0.833,0,3,0.0,1,2,y
8864,56,0.556,0,5,0.0,5,3,n
5675,75,0.667,2032,3,0.696,3,3,y
4735,41,0.708,0,2,0.0,3,2,n
8392,83,0.804,1495,1,0.684,1,1,y
6301,46,0.643,0,4,0.0,4,3,n
7856,41,0.64,357,2,0.075,2,4,n
4579,74,0.644,895,0,0.03,6,1,y
8093,76,0.9,706,3,0.214,1,1,y
5671,48,0.297,0,3,0.0,4,1,n
5486,67,0.675,1031,1,0.141,6,2,y
7330,38,0.226,0,2,0.0,3,3,n
7110,78,0.5,1436,0,0.11,5,6,y
8718,73,0.659,2077,1,0.397,1,3,y
6433,79,0.881,2517,3,0.801,6,2,y
8319,51,0.821,0,6,0.0,2,3,n
5659,53,0.71,424,4,0.132,4,3,n
9592,115,0.797,2295,1,0.54,2,3,y
6907,45,0.552,287,6,0.01,4,5,n
3289,45,0.731,2517,5,0.66,3,3,n
6998,57,0.781,0,2,0.0,6,2,n
6008,29,0.45,1848,1,0.656,1,3,n
9996,87,0.933,2517,3,0.569,2,3,n
5265,24,0.263,2354,4,0.096,3,4,n
1384,33,0.65,981,4,0.682,3,3,y
9532,111,0.762,1657,3,0.062,1,1,y
8036,46,0.314,0,2,0.0,1,3,n
3954,41,0.414,0,4,0.0,2,3,n
5904,64,0.778,1176,1,0.549,6,1,y
6640,49,0.324,0,1,0.0,4,2,n
9017,42,0.5,0,2,0.0,1,3,n
5855,41,0.64,0,6,0.0,3,2,n
9695,65,0.711,0,3,0.0,2,2,n
5552,79,1.026,1324,3,0.741,6,3,y
7906,38,0.407,1323,3,0.61,4,2,n
6603,32,0.6,0,2,0.0,3,2,n
5692,51,0.759,0,5,0.0,6,3,n
4577,34,0.478,0,2,0.0,1,3,n
607,46,0.643,1185,2,0.07,3,2,y
9916,71,0.821,0,3,0.0,2,3,n
6606,53,0.606,0,3,0.0,1,5,n
354,38,0.583,1375,2,0.953,6,3,y
7087,60,0.538,1912,1,0.286,3,4,y
6215,56,1.0,0,2,0.0,2,2,n
8115,44,0.692,819,3,0.569,5,3,n
5650,44,0.467,168,3,0.112,3,3,n
9763,95,0.61,0,1,0.0,2,3,y
253,17,0.545,1054,3,0.291,2,4,n
2284,23,0.533,0,4,0.0,1,2,n
268,18,0.385,0,3,0.0,1,3,n
7052,66,0.535,1145,1,0.105,3,4,y
628,33,0.32,1550,2,0.146,3,2,y
1634,27,0.286,1616,4,0.934,2,2,n
8894,81,0.723,1655,3,0.063,1,2,y
6082,42,0.68,0,4,0.0,3,3,n
5274,44,0.467,1014,2,0.419,5,3,n
6759,78,0.95,1240,2,0.559,5,4,y
8044,35,0.25,0,3,0.0,1,2,n
677,24,0.143,0,3,0.0,1,1,n
5672,52,0.486,1528,4,0.112,5,3,n
2845,57,0.727,0,1,0.0,6,1,y
5393,75,0.596,974,1,0.401,3,1,y
1445,41,0.577,0,3,0.0,3,1,y
8065,41,0.464,0,3,0.0,3,6,n
4060,82,1.05,1229,3,0.387,3,2,y
4718,49,0.361,1964,3,0.057,2,2,n
1153,47,1.474,0,2,0.0,5,2,y
1969,32,0.6,1289,3,0.323,3,3,y
3211,83,0.596,2517,4,0.073,6,3,y
4173,59,1.36,1783,1,0.101,3,1,y
4615,35,0.346,0,3,0.0,3,2,n
9041,105,0.694,1497,1,0.112,1,2,y
5359,41,0.708,896,4,0.484,6,2,n
8476,75,0.923,964,3,0.579,1,3,y
2400,34,0.545,1501,0,0.165,3,1,y
6743,45,0.607,0,3,0.0,6,3,n
1137,16,0.455,2517,2,0.791,6,3,n
6092,74,0.574,0,3,0.0,4,3,y
6490,57,0.839,1463,2,0.37,6,1,y
9175,97,0.796,1528,1,0.06,1,3,y
8147,83,0.93,1493,2,0.208,1,1,y
27,40,1.0,1010,2,0.099,3,3,y
5158,80,0.633,1824,4,0.699,6,2,y
4965,44,0.517,0,3,0.0,1,3,n
2126,25,0.25,1962,4,0.15,1,0,n
5979,52,0.733,825,3,0.024,3,2,n
7700,75,1.027,1867,1,0.679,4,2,y
7699,38,0.462,243,1,0.075,4,3,n
6534,41,0.464,2404,2,0.855,3,2,n
1311,26,0.3,0,3,0.0,3,1,n
3936,39,0.56,1008,3,0.143,3,4,n
5177,35,0.591,0,2,0.0,5,2,n
8013,43,0.593,0,2,0.0,6,3,n
3872,78,0.529,719,3,0.111,4,3,y
9967,99,0.768,2070,5,0.061,6,3,y
146,31,2.875,2117,2,0.941,6,3,y
9027,60,0.875,0,3,0.0,4,3,n
9023,100,0.852,1151,0,0.039,1,2,y
3232,64,0.641,1254,3,0.113,6,1,y
8124,85,0.635,2139,1,0.702,2,3,y
8881,53,0.395,0,2,0.0,2,2,n
9223,61,0.525,0,1,0.0,6,2,n
2853,40,0.6,0,4,0.0,6,2,n
7188,71,0.821,0,0,0.0,3,4,y
9711,130,0.857,1805,1,0.105,3,3,y
7402,56,0.647,0,4,0.0,5,3,n
2368,41,0.952,770,3,0.04,6,2,y
3764,36,0.5,2517,1,0.661,3,5,n
6555,84,0.68,2268,2,0.722,6,4,y
1434,34,0.619,1798,2,0.295,4,1,y
9419,99,0.8,2280,2,0.734,1,2,y
5440,75,0.875,805,4,0.387,5,2,y
5848,75,0.923,0,2,0.0,5,3,y
801,45,0.452,2025,2,0.253,4,2,y
5875,76,0.854,2082,2,0.313,4,1,y
3643,76,0.551,1434,4,0.054,4,6,y
7843,78,0.814,1235,1,0.172,2,3,y
9639,80,0.86,0,2,0.0,2,2,n
4897,83,0.66,2001,1,0.122,6,2,y
7051,40,0.481,327,2,0.227,5,3,n
9061,52,0.625,2517,4,0.109,6,3,n
3959,43,0.536,2517,3,0.807,6,2,n
9975,78,0.902,0,4,0.0,5,2,n
4207,41,0.367,0,3,0.0,5,3,n
123,47,0.382,1540,3,0.407,4,3,y
3672,57,0.676,1706,2,0.324,1,3,n
7165,32,0.0,0,1,0.0,3,3,n
3667,45,0.607,0,1,0.0,1,4,n
9784,72,0.895,2017,2,0.14,1,2,n
247,19,0.727,0,3,0.0,3,3,n
7835,34,0.478,0,1,0.0,4,3,n
6031,82,0.745,1157,2,0.09,4,1,y
756,66,0.65,0,3,0.0,6,3,y
1044,15,0.875,2517,3,0.571,2,1,n
4063,39,0.773,1758,3,0.162,3,4,n
1088,15,1.5,1884,3,0.527,3,2,n
5009,51,0.759,471,6,0.019,3,6,n
8744,88,0.63,1871,2,0.165,4,2,y
6088,49,0.581,0,6,0.0,1,3,n
7953,44,0.467,0,4,0.0,1,2,n
5662,32,0.231,0,3,0.0,6,4,n
8421,63,0.75,1507,1,0.112,2,3,y
4957,38,0.407,2517,3,0.649,2,2,n
5575,74,0.51,0,1,0.0,5,1,y
4093,54,0.8,1020,3,0.069,4,2,y
6225,43,0.593,1558,3,0.41,1,3,n
1101,84,0.867,756,2,0.029,3,3,y
691,20,0.333,513,2,0.206,4,2,n
3474,41,0.864,0,2,0.0,2,2,n
7515,83,0.976,1256,3,0.561,4,2,y
9450,61,0.906,764,3,0.081,4,3,n
4997,46,0.586,0,4,0.0,3,3,n
7895,39,0.444,2246,3,0.404,6,2,n
835,44,1.0,0,3,0.0,6,2,y
9337,73,0.825,2517,2,0.454,1,3,n
817,50,0.786,2134,0,0.343,4,5,y
2264,33,0.32,1207,4,0.467,6,3,y
1351,21,0.75,1151,3,0.318,3,2,n
7458,70,0.707,2148,3,0.286,4,1,y
2986,48,0.846,0,4,0.0,3,2,n
7014,46,0.353,2256,2,0.805,6,2,n
2624,62,0.938,1443,1,0.276,6,1,y
4384,62,0.879,0,4,0.0,4,2,y
7995,48,0.455,0,3,0.0,1,5,n
2420,49,0.815,1562,4,0.368,3,2,y
4828,69,0.816,0,4,0.0,4,2,y
4462,71,1.29,1160,4,0.596,4,2,y
6657,46,0.533,0,2,0.0,4,3,n
8294,42,0.448,0,3,0.0,2,3,n
7077,80,0.86,0,2,0.0,4,3,y
7085,67,0.914,0,2,0.0,6,4,y
5216,34,0.214,1744,2,0.155,2,3,n
3811,38,0.407,0,4,0.0,2,3,n
6561,38,0.357,0,2,0.0,3,5,n
5263,44,0.571,0,4,0.0,4,3,n
6059,60,0.622,0,2,0.0,4,2,y
5540,48,0.714,219,4,0.006,5,3,n
9977,51,1.684,0,3,0.0,1,2,n
3437,37,0.423,0,3,0.0,5,3,n
329,36,1.0,2517,3,0.583,4,3,y
9483,78,0.733,0,3,0.0,2,3,n
5415,46,0.278,811,3,0.564,1,3,n
9665,76,1.054,289,2,0.008,3,3,n
5371,40,0.481,2080,4,0.412,5,2,n
9408,65,0.806,0,3,0.0,1,1,n
2850,48,0.6,0,1,0.0,3,2,y
1592,46,0.438,1240,2,0.282,4,1,y
5941,44,0.222,0,4,0.0,4,2,n
4343,45,0.452,0,4,0.0,1,3,n
7245,69,1.029,2473,1,0.736,4,2,y
6,31,0.722,2264,3,0.066,6,1,y
4344,44,0.375,0,3,0.0,3,3,n
3665,34,0.214,0,3,0.0,2,2,n
9230,77,0.833,0,3,0.0,4,2,n
7409,39,0.444,0,2,0.0,6,3,n
7480,79,0.881,623,1,0.109,4,3,y
7987,84,0.556,727,2,0.077,1,2,y
5547,37,0.48,0,3,0.0,3,2,n
5431,77,0.878,999,3,0.609,4,1,y
9703,100,0.786,1834,3,0.067,3,3,y
570,58,0.706,1961,2,0.099,6,6,y
1403,73,0.622,2080,4,0.75,6,1,y
9318,119,0.7,1769,1,0.06,1,1,y
6169,81,0.841,1187,2,0.077,6,3,y
8308,75,0.923,0,2,0.0,2,3,y
7596,74,0.644,729,2,0.424,5,3,y
9965,98,0.922,2205,4,0.064,3,1,y
5797,53,1.038,2040,3,0.059,4,3,y
9156,85,0.977,2517,4,0.091,5,3,n
4946,38,0.267,2517,3,0.444,6,2,n
9479,102,0.759,2076,2,0.215,1,2,y
189,32,0.684,0,3,0.0,6,1,y
390,26,1.0,1162,2,0.183,6,2,y
2365,75,0.562,1218,4,0.276,5,3,y
5435,88,0.956,1972,3,0.385,5,6,y
8552,67,1.094,911,3,0.278,1,2,y
6405,38,0.81,2517,2,0.849,5,3,n
4363,90,0.8,1245,4,0.565,5,2,y
5513,43,0.483,625,4,0.339,3,3,n
3622,59,0.686,1525,2,0.108,6,1,y
9626,97,0.98,1285,3,0.099,3,3,y
1133,48,0.846,2517,2,0.073,4,3,y
7219,69,0.408,834,3,0.294,6,3,y
4122,69,0.533,922,3,0.488,4,3,y
3890,65,0.625,1103,1,0.289,3,3,y
7160,59,0.788,0,3,0.0,3,3,n
3168,35,0.591,0,5,0.0,2,4,n
6310,94,0.679,1677,1,0.901,4,3,y
9643,130,0.688,1176,3,0.16,3,1,y
4888,45,0.8,1095,6,0.096,1,2,n
6356,40,0.333,0,3,0.0,4,3,n
4815,44,0.63,0,2,0.0,6,2,n
1443,29,0.526,0,2,0.0,2,3,n
7727,41,0.577,317,4,0.039,3,3,n
7424,72,0.714,2440,1,0.582,3,6,y
1329,48,0.548,1215,3,0.704,5,1,y
4744,51,1.217,1659,3,0.052,4,3,y
4056,76,0.52,1731,4,0.18,5,2,y
4584,43,0.593,0,2,0.0,2,3,n
8623,59,0.439,0,4,0.0,6,1,n
6551,33,0.571,0,6,0.0,3,3,n
1955,63,0.658,1384,2,0.101,6,3,y
4668,42,0.615,482,4,0.161,6,2,n
9171,125,0.712,1604,1,0.127,2,3,y
4869,45,0.731,2517,4,0.71,3,4,n
4224,38,0.267,0,3,0.0,3,0,n
4443,32,0.103,2432,3,0.999,3,2,n
1840,55,0.774,0,3,0.0,3,4,n
4408,77,0.878,746,3,0.519,3,2,y
9854,61,0.848,0,3,0.0,1,3,n
3690,70,0.556,1459,4,0.046,4,2,y
4124,72,0.674,0,2,0.0,6,1,y
2925,73,0.659,945,4,0.2,5,2,y
9113,105,0.78,1308,1,0.038,2,2,y
5437,43,0.72,901,4,0.043,2,3,n
7666,32,0.455,2332,3,0.943,3,3,n
1687,34,0.478,1668,2,0.575,5,3,y
3820,42,0.4,812,3,0.143,3,3,n
8903,53,0.559,2517,3,0.698,2,3,n
3220,77,0.51,2517,2,0.853,4,6,y
7524,30,0.875,0,1,0.0,2,3,n
5915,49,0.4,642,3,0.446,3,3,n
3472,43,0.433,0,3,0.0,1,3,n
8467,46,0.394,0,2,0.0,2,3,n
8971,90,0.5,1874,1,0.172,2,2,y
9772,116,0.785,1782,1,0.47,1,3,y
10108,66,0.737,476,4,0.027,4,3,n
5635,71,0.972,798,4,0.126,4,3,y
1824,50,1.381,1982,4,0.833,5,2,y
935,14,0.4,0,3,0.0,2,2,n
1255,47,0.679,1479,2,0.224,5,3,y
3935,46,0.438,859,3,0.263,3,5,n
3165,69,0.605,1721,3,0.057,3,2,y
5211,79,0.612,0,2,0.0,3,4,y
8334,38,0.652,561,4,0.134,2,3,n
2386,29,1.417,2517,2,0.83,6,2,y
9633,71,0.69,0,3,0.0,1,0,n
9509,101,0.656,1465,2,0.407,2,1,y
1769,48,1.182,909,4,0.579,3,2,y
9833,67,0.675,0,3,0.0,6,3,n
3418,46,0.278,2517,5,0.231,1,5,n
10001,64,0.684,0,3,0.0,2,1,n
3234,40,0.29,504,4,0.069,2,3,n
5078,48,0.6,2007,4,0.962,5,2,n
3171,29,0.318,0,4,0.0,3,2,n
6508,83,0.844,0,2,0.0,5,2,y
1436,60,0.875,2517,4,0.863,3,3,y
8986,92,0.559,1484,1,0.289,1,1,y
1791,46,1.3,2517,4,0.694,4,3,y
1410,37,0.762,2517,4,0.784,6,1,y
1870,47,0.516,812,4,0.492,3,3,y
9623,62,0.824,0,2,0.0,3,3,n
7544,48,0.371,2517,2,0.568,3,3,n
5535,80,0.778,1512,3,0.689,4,2,y
1126,46,0.643,2320,3,0.391,3,1,y
6845,62,0.512,0,3,0.0,6,2,y
4774,35,0.346,0,2,0.0,2,1,n
9525,103,0.717,2381,2,0.069,2,1,y
6543,31,0.722,0,3,0.0,3,2,n
9151,110,0.692,1805,1,0.094,2,1,y
8210,87,0.611,0,1,0.0,1,1,y
5893,40,0.333,0,3,0.0,5,3,n
9062,95,0.583,0,1,0.0,2,2,y
2271,46,0.533,417,4,0.063,3,3,n
4723,69,1.226,2517,2,0.762,4,2,y
7901,51,0.5,0,2,0.0,1,3,n
9625,63,0.909,0,3,0.0,3,1,n
10024,56,0.697,1723,2,0.05,1,3,n
2105,66,0.692,0,3,0.0,5,1,y
5874,36,0.091,0,3,0.0,3,2,n
2367,40,0.481,1685,3,0.552,6,1,y
130,16,0.778,1985,2,0.83,5,1,y
9226,75,0.667,0,6,0.0,2,3,n
7196,50,1.273,920,2,0.195,2,3,n
6211,35,0.75,0,3,0.0,3,3,n
2040,37,0.423,1720,4,0.284,4,4,y
9560,128,0.73,2517,1,0.212,1,5,y
4972,68,0.889,0,2,0.0,4,3,y
8393,58,1.417,755,3,0.186,2,3,y
4951,45,0.5,0,2,0.0,1,2,n
9356,68,0.7,996,1,0.237,5,1,n
5695,72,0.6,871,3,0.172,6,3,y
1248,44,0.571,810,3,0.536,3,1,y
7384,32,0.778,1720,2,0.847,4,3,n
4527,34,0.214,0,2,0.0,6,3,n
6304,37,0.321,0,3,0.0,3,3,n
3956,40,0.429,2517,3,0.309,3,4,n
8990,50,0.389,1817,6,0.246,2,2,n
6451,85,0.735,1709,3,0.269,5,1,y
8445,34,0.478,1631,2,0.359,6,2,n
3896,85,0.889,1069,1,0.717,6,1,y
7012,93,0.755,726,2,0.505,3,3,y
5249,68,0.889,1255,3,0.041,5,6,y
6761,51,0.457,0,3,0.0,4,2,n
3528,75,0.974,983,4,0.166,6,1,y
7380,35,0.296,725,3,0.257,3,3,n
4358,39,0.56,848,4,0.347,2,3,n
8757,50,0.724,0,3,0.0,4,3,n
1906,38,0.462,1460,3,0.481,4,3,y
8846,85,0.574,1054,3,0.295,2,2,y
2235,56,0.6,1542,1,0.731,3,3,y
3758,71,0.614,0,0,0.0,6,1,y
314,11,0.833,1381,3,0.167,2,3,n
5384,46,0.438,431,5,0.108,5,1,n
4194,51,0.5,1625,3,0.173,4,1,n
3476,66,0.737,1468,3,0.358,4,3,y
9963,57,0.357,0,5,0.0,1,2,n
7978,82,0.745,913,2,0.198,2,2,y
4979,46,0.484,0,3,0.0,4,2,n
8332,40,0.6,0,5,0.0,5,2,n
7336,45,0.452,0,3,0.0,4,1,n
2821,36,0.895,1869,1,0.694,4,2,y
4561,37,0.762,0,3,0.0,2,3,n
6140,41,0.519,0,3,0.0,2,3,n
6732,55,0.719,1494,2,0.062,6,2,y
7317,45,0.5,400,5,0.212,1,3,n
6284,63,0.703,0,3,0.0,5,2,n
9082,106,0.767,0,3,0.0,2,3,y
3332,48,0.714,1531,3,0.793,5,6,n
873,36,0.895,1978,1,0.164,6,3,y
2495,103,0.635,0,2,0.0,6,2,y
2725,31,0.476,2431,3,0.127,5,1,y
6935,59,0.686,0,3,0.0,5,2,n
7868,81,0.884,710,2,0.464,2,3,y
6112,41,0.323,1530,4,0.379,5,3,n
3148,49,0.4,278,4,0.008,3,3,n
9981,116,0.841,998,3,0.102,5,2,y
8464,45,0.731,0,2,0.0,1,5,n
8952,48,0.6,2250,2,0.909,2,2,n
4391,71,0.775,0,3,0.0,4,2,y
9461,50,1.083,0,3,0.0,1,2,n
6382,77,0.833,1182,2,0.585,4,3,y
7857,38,0.462,0,4,0.0,2,2,n
9244,53,0.767,0,3,0.0,2,4,n
9473,80,0.739,1783,3,0.052,2,2,n
4366,54,0.636,0,3,0.0,3,4,n
3484,76,0.52,989,3,0.579,5,1,y
2113,61,0.794,1149,2,0.203,6,1,y
2492,59,1.034,0,2,0.0,3,3,y
5304,61,0.743,0,1,0.0,6,2,y
5046,56,1.154,0,3,0.0,3,3,y
9137,48,0.92,1794,3,0.862,2,2,n
4569,37,0.542,0,2,0.0,1,2,n
6318,62,0.938,2081,1,0.648,5,1,y
1268,32,0.524,2517,3,0.442,1,3,n
7705,47,0.516,986,3,0.309,2,3,n
1466,28,0.4,507,2,0.04,1,3,n
8944,93,0.691,0,1,0.0,2,1,y
5624,35,0.75,1979,0,0.794,3,2,y
448,30,0.875,0,1,0.0,3,2,y
8503,49,0.75,0,3,0.0,2,4,n
7583,90,0.607,1566,1,0.628,4,3,y
2715,45,0.452,2188,1,0.231,5,1,y
7849,37,0.423,0,3,0.0,4,3,n
8224,78,0.95,1861,3,0.103,1,3,y
8075,49,0.485,568,4,0.057,1,4,n
3586,64,0.882,2446,4,0.132,6,2,y
4604,77,0.54,1850,1,0.75,6,2,y
2775,81,0.653,957,3,0.093,6,3,y
6607,82,0.783,0,2,0.0,3,2,y
9339,131,0.638,1450,2,0.319,1,1,y
6849,66,0.784,1019,2,0.43,5,3,y
7711,44,0.467,868,2,0.044,3,3,n
8120,31,0.409,0,3,0.0,2,2,n
963,34,0.7,2439,3,0.534,5,1,y
3770,31,0.476,1129,3,0.1,2,2,n
6375,46,0.769,1761,3,0.834,5,3,n
8235,92,0.804,1523,3,0.522,1,6,y
9770,116,0.681,1553,1,0.435,2,3,y
4748,28,0.273,2517,1,0.243,1,3,n
7870,35,0.522,0,6,0.0,4,3,n
1652,67,0.675,1817,4,0.699,3,3,y
6060,58,0.706,1410,1,0.523,3,1,y
522,14,0.556,1799,3,0.148,3,3,n
2185,21,0.4,0,5,0.0,3,3,n
5964,84,0.714,1003,1,0.697,4,2,y
2679,51,0.889,1539,5,0.288,3,3,y
4236,63,0.853,2095,2,0.071,3,1,y
905,25,0.471,0,1,0.0,3,3,n
7749,81,0.761,907,2,0.489,2,1,y
1110,36,0.636,2055,2,0.648,5,1,y
4489,38,0.357,0,2,0.0,4,1,n
2201,40,0.212,0,3,0.0,2,3,n
6401,73,0.553,1670,3,0.684,3,1,y
4509,66,0.61,2087,4,0.263,4,1,y
7199,59,0.903,1596,2,0.669,5,4,y
8734,85,0.604,2314,3,0.336,1,2,y
3373,71,0.543,1991,4,0.127,5,3,y
9485,78,0.95,2281,3,0.15,6,4,n
8661,51,0.645,460,3,0.119,3,3,n
9231,65,0.548,230,2,0.007,6,4,n
10038,122,0.649,1285,3,0.037,5,1,y
2688,68,0.789,1961,0,0.687,6,2,y
392,29,1.636,1233,3,0.134,5,1,y
77,57,0.966,1801,2,0.256,4,4,y
8905,53,0.395,0,2,0.0,2,1,n
4274,42,0.615,0,4,0.0,3,3,n
9308,121,0.891,1882,2,0.39,2,2,y
9761,97,0.83,1532,3,0.254,2,3,y
8747,92,0.736,1559,2,0.177,2,3,y
8605,98,0.508,814,2,0.024,2,3,y
9898,58,0.758,0,4,0.0,2,5,n
7683,45,0.364,0,3,0.0,2,2,n
2952,71,0.543,2517,3,0.119,6,1,y
8493,80,0.739,0,1,0.0,2,2,y
7812,61,0.694,0,1,0.0,2,1,y
8019,90,0.731,2033,3,0.67,1,2,y
9732,115,0.769,991,1,0.114,1,1,y
1680,32,0.684,0,4,0.0,3,2,y
1999,26,0.238,1428,3,0.99,3,2,n
4308,75,0.974,1557,3,0.772,3,3,y
5846,68,0.511,1316,2,0.286,5,3,y
1025,12,0.091,781,3,0.023,1,1,n
6578,49,0.324,1593,3,0.692,3,3,n
1257,27,0.588,951,2,0.174,5,1,n
2900,76,0.727,2449,1,0.128,3,3,y
9183,71,0.69,0,4,0.0,5,3,n
6979,54,0.929,0,3,0.0,4,2,n
1343,40,0.6,0,3,0.0,3,1,y
7126,41,0.464,0,3,0.0,6,3,n
895,34,0.259,0,1,0.0,6,1,y
3851,35,0.346,1357,6,0.282,2,3,n
4834,60,0.818,2126,3,0.321,6,2,y
7309,80,0.818,0,1,0.0,4,3,y
9610,92,0.736,2087,3,0.656,2,2,y
4782,50,0.562,0,4,0.0,3,1,n
1430,38,0.583,0,2,0.0,2,3,n
7100,99,0.623,0,3,0.0,5,4,y
3568,78,0.5,1321,2,0.064,4,2,y
98,19,0.727,2250,0,0.232,3,2,y
4939,89,0.534,1646,0,0.411,6,3,y
3648,63,0.615,1418,3,0.123,6,1,y
9416,66,0.65,2517,2,0.073,4,3,n
4991,61,0.605,1887,3,0.292,6,1,y
9403,106,0.71,1148,2,0.074,1,1,y
7059,48,0.548,0,2,0.0,5,3,n
4273,38,0.31,134,3,0.017,2,2,n
880,25,0.389,0,3,0.0,3,2,n
8814,53,0.559,0,2,0.0,2,4,n
6000,81,0.688,0,0,0.0,6,1,y
4032,70,0.75,0,0,0.0,6,6,y
10119,53,0.514,2517,3,0.172,4,3,n
6111,36,0.161,0,3,0.0,1,2,n
1589,21,0.4,2517,3,0.736,3,1,n
6282,49,0.75,0,4,0.0,1,3,n
5421,39,0.444,0,3,0.0,3,3,n
160,28,1.0,1024,1,0.359,5,2,y
209,48,0.714,2395,0,0.098,2,3,y
6302,82,0.783,0,3,0.0,4,4,y
7028,46,0.438,1307,3,0.056,2,3,n
8100,70,1.0,1109,2,0.325,2,1,y
1677,48,1.087,2103,3,0.3,5,3,y
2137,28,0.217,2022,2,0.687,4,1,y
3893,46,0.643,0,4,0.0,1,2,n
3988,35,0.4,1126,6,0.033,3,2,n
2051,57,0.629,1075,4,0.342,3,3,y
6822,44,0.467,0,2,0.0,1,2,n
706,32,0.391,1543,1,0.745,5,1,y
7201,81,0.884,1172,2,0.613,6,4,y
5800,41,0.206,2282,3,0.286,1,2,n
4261,63,0.909,685,3,0.08,4,2,y
5190,42,0.312,479,3,0.283,6,3,n
6298,54,0.588,0,4,0.0,5,3,n
5614,42,0.448,461,3,0.21,5,3,n
243,24,0.6,0,2,0.0,1,3,n
4118,30,0.111,0,1,0.0,3,2,n
9756,80,0.905,0,3,0.0,2,3,n
5444,45,0.452,489,2,0.075,5,4,n
2527,67,1.31,2259,2,0.274,6,1,y
6673,46,0.353,0,2,0.0,4,2,n
4027,48,0.455,2517,4,0.073,4,2,n
7047,40,0.29,850,3,0.086,6,2,n
1940,61,0.794,1547,3,0.172,4,2,y
8959,50,0.316,0,2,0.0,1,5,n
9547,99,0.678,1419,1,0.39,1,2,y
9361,112,0.75,1512,2,0.212,2,2,y
2787,71,0.732,1179,2,0.072,6,2,y
9095,111,0.609,1396,3,0.564,2,1,y
5350,47,0.424,1545,2,0.151,4,3,n
7712,67,0.763,1898,1,0.753,4,3,y
6839,60,0.818,813,2,0.488,4,2,n
484,24,0.6,1748,3,0.081,5,1,y
6869,81,0.976,688,3,0.166,4,4,y
8781,74,0.682,1351,1,0.283,2,1,y
1226,26,0.857,2099,4,0.061,5,2,y
9228,53,0.828,0,6,0.0,2,3,n
8088,49,1.042,2517,3,0.795,2,2,n
7221,67,0.718,0,3,0.0,4,4,y
5752,79,0.795,0,2,0.0,3,3,y
4992,32,0.524,1074,3,0.732,3,1,n
891,33,0.737,2047,1,0.223,6,1,y
3809,79,0.837,2000,3,0.678,5,1,y
9992,77,0.833,0,4,0.0,6,3,n
7832,66,0.61,2033,3,0.86,2,3,y
7977,85,0.667,2054,3,0.675,2,2,y
357,34,1.125,2517,2,0.135,3,2,y
9068,54,0.421,0,2,0.0,2,2,n
728,16,0.231,0,3,0.0,3,2,n
4175,81,0.62,1092,1,0.178,3,1,y
8716,55,0.486,0,2,0.0,5,3,n
7175,44,0.517,0,3,0.0,1,3,n
5139,45,0.364,2517,2,0.88,4,3,n
7230,83,0.694,1898,0,0.742,5,4,y
5637,61,0.694,1293,2,0.702,4,2,n
7819,83,0.886,2136,2,0.83,3,1,y
6040,39,0.393,0,3,0.0,3,2,n
402,32,0.684,0,0,0.0,3,3,y
3766,51,0.545,655,3,0.16,3,5,n
2498,47,1.136,0,4,0.0,4,2,y
5066,45,0.406,170,4,0.118,6,3,n
7419,49,0.441,940,4,0.337,3,3,n
7267,45,0.452,0,2,0.0,4,2,n
2951,66,0.571,1822,2,0.144,5,3,y
3940,41,0.577,0,3,0.0,3,0,n
6934,88,0.692,0,3,0.0,6,4,y
978,31,0.107,0,1,0.0,3,3,n
117,25,0.786,1559,4,0.156,4,1,y
1072,33,0.737,2102,4,0.061,3,2,y
9289,97,0.764,776,3,0.113,2,2,y
5215,52,0.486,0,2,0.0,4,3,n
7038,50,0.613,1742,3,0.2,6,3,n
1225,35,0.591,1806,2,0.645,3,2,y
348,38,0.652,2517,3,0.111,5,3,y
779,58,0.526,1843,1,0.621,3,3,y
8763,90,0.552,1222,2,0.28,1,2,y
5091,53,0.472,0,4,0.0,4,1,n
9224,81,0.841,397,1,0.012,6,2,n
3557,60,0.818,1314,3,0.15,4,3,y
4863,45,0.406,0,4,0.0,5,2,n
3516,48,0.714,1138,3,0.488,4,2,y
4747,39,0.5,0,3,0.0,6,3,n
2738,81,0.884,1655,3,0.38,4,1,y
4532,74,0.423,1718,4,0.05,3,1,y
2321,46,0.917,2517,5,0.197,4,1,y
5200,76,0.652,0,3,0.0,4,1,y
2414,18,0.2,0,5,0.0,6,3,n
9268,71,1.152,0,2,0.0,1,2,n
6529,47,0.382,0,3,0.0,6,3,n
4036,47,0.424,0,3,0.0,1,4,n
4866,44,0.419,0,4,0.0,2,3,n
7763,47,0.808,1794,3,0.203,3,3,n
810,29,0.381,861,2,0.084,2,3,n
6500,63,0.5,1797,2,0.745,4,3,y
9853,118,0.686,0,2,0.0,4,1,y
7475,76,0.9,1794,3,0.728,3,1,y
242,21,0.615,0,3,0.0,2,2,n
6675,63,0.537,0,3,0.0,3,2,y
916,34,0.7,2024,2,0.691,5,1,y
8472,44,0.913,0,0,0.0,6,2,n
229,18,0.8,1666,3,0.048,4,3,y
3694,36,0.385,0,3,0.0,2,3,n
5278,38,0.52,1047,2,0.287,4,3,n
727,25,0.562,0,2,0.0,5,3,n
10112,73,0.622,0,4,0.0,2,1,n
469,32,0.6,1138,2,0.517,5,3,y
9943,64,0.882,0,1,0.0,4,3,n
8016,39,0.444,458,2,0.312,2,3,n
2265,20,0.176,2410,4,0.976,5,2,n
8690,82,0.608,1186,3,0.088,2,2,y
442,35,0.944,1390,3,0.202,5,2,y
6465,41,0.464,0,2,0.0,3,2,n
125,24,0.846,0,2,0.0,4,2,y
7421,47,0.424,0,5,0.0,3,3,n
6469,42,0.448,0,3,0.0,6,2,n
3862,61,0.605,2490,4,0.514,5,2,y
8625,86,0.564,2517,2,0.085,2,2,y
6323,39,0.393,0,2,0.0,5,3,n
8804,87,0.45,1580,3,0.17,2,3,y
4521,40,0.429,1760,2,0.427,5,3,n
5887,70,0.707,1555,2,0.335,6,3,y
81,29,0.526,1533,2,0.044,6,2,y
9322,64,0.73,1692,3,0.049,2,2,n
2093,48,0.455,1142,2,0.059,5,2,y
8143,72,0.946,1513,3,0.134,2,2,y
8628,85,0.771,1848,2,0.426,3,2,y
7651,87,0.706,1249,3,0.546,5,3,y
8717,96,0.627,2517,2,0.107,1,1,y
6581,65,0.585,2397,2,0.898,5,6,y
3867,64,0.641,1501,4,0.043,4,2,y
5528,68,0.838,2234,2,0.676,4,2,y
5447,69,0.816,1581,4,0.651,6,3,y
9136,51,0.645,1413,2,0.381,1,2,n
9561,61,0.794,1847,3,0.054,2,3,n
5539,80,0.739,600,1,0.086,4,3,y
9321,69,0.917,0,2,0.0,5,3,n
5500,80,0.739,0,1,0.0,4,2,y
8492,55,0.667,0,6,0.0,5,2,n
869,37,1.176,2517,2,0.34,4,3,y
4760,72,0.714,1146,3,0.605,3,3,y
9946,75,0.786,0,3,0.0,5,2,n
6265,41,0.577,0,3,0.0,2,3,n
5816,84,0.909,1792,3,0.859,5,2,y
3788,44,0.467,0,5,0.0,2,3,n
8770,79,0.491,915,2,0.107,2,3,y
4937,77,0.638,1640,4,0.637,3,1,y
3930,68,0.447,1543,1,0.621,6,4,y
7413,41,0.519,0,2,0.0,4,3,n
3575,38,0.727,0,3,0.0,2,3,n
6571,46,1.0,0,3,0.0,6,3,n
5209,81,0.588,0,4,0.0,4,6,y
7404,87,0.642,1984,3,0.37,3,3,y
6499,65,0.806,2505,2,0.571,4,2,y
942,40,1.0,0,3,0.0,4,3,y
1004,37,0.321,2266,4,0.732,4,1,y
7108,79,0.681,0,2,0.0,6,4,y
1305,49,0.581,0,4,0.0,3,3,y
2064,36,0.5,2047,2,0.38,4,2,y
115,18,1.571,895,2,0.047,6,2,y
1375,64,0.455,1567,4,0.588,4,3,y
7624,56,0.806,0,3,0.0,4,2,n
384,37,1.312,1576,2,0.678,6,3,y
2979,84,0.647,582,5,0.022,4,2,y
3205,70,0.667,2517,2,0.075,3,5,y
426,20,0.667,1299,3,0.093,5,3,n
6708,43,0.433,550,1,0.266,3,3,n
5489,71,0.651,1870,3,0.199,3,3,y
3385,54,0.636,2049,4,0.087,4,1,y
5737,80,0.905,1749,3,0.487,4,2,y
2929,60,0.5,2157,3,0.127,5,2,y
420,20,0.818,0,2,0.0,6,3,n
7672,45,0.607,0,3,0.0,2,3,n
2182,59,0.341,0,5,0.0,4,3,y
768,56,0.75,1688,2,0.054,5,2,y
2794,75,0.471,2512,5,0.688,3,1,y
5673,43,0.593,0,2,0.0,3,1,n
9106,127,0.628,0,1,0.0,2,3,y
7611,66,0.784,1981,2,0.809,3,3,y
953,34,0.889,782,2,0.124,5,3,y
3140,76,0.727,2124,2,0.839,4,3,y
9840,99,0.8,1200,3,0.072,4,3,y
1344,28,0.273,0,2,0.0,5,2,n
8142,79,0.756,0,2,0.0,2,3,y
2575,27,0.8,802,3,0.023,3,2,y
4693,41,0.708,1103,2,0.631,1,3,n
2174,17,0.133,0,3,0.0,3,3,n
3113,63,1.1,1230,2,0.036,5,2,y
9897,65,0.857,0,3,0.0,1,1,n
2432,44,0.294,321,3,0.013,4,2,n
7368,72,0.946,1392,2,0.643,3,2,y
2297,45,0.667,1173,1,0.331,3,1,y
7376,31,0.55,613,2,0.369,4,2,n
4314,68,0.511,1663,3,0.11,3,1,y
8550,40,0.481,595,2,0.357,4,3,n
7027,86,0.72,2200,2,0.525,5,1,y
6454,60,0.875,2517,2,0.86,3,4,n
6546,50,0.562,455,3,0.316,6,3,n
1473,55,0.897,0,2,0.0,3,3,y
9194,39,0.393,0,2,0.0,5,5,n
5283,43,0.433,2517,2,0.618,5,3,n
6717,43,0.387,2517,3,0.596,3,3,n
7084,76,0.949,1453,2,0.042,3,3,y
9837,83,0.729,0,3,0.0,2,2,n
7528,44,0.571,0,2,0.0,3,2,n
7918,71,0.732,2178,3,0.334,2,2,y
5523,43,0.303,0,2,0.0,3,3,n
6807,67,0.595,1117,1,0.426,6,3,y
9204,92,0.673,1002,1,0.034,2,2,y
1695,25,0.25,1671,3,0.202,3,1,y
7132,86,0.72,0,3,0.0,3,3,y
6910,90,0.957,1638,3,0.136,6,2,y
2008,63,0.75,925,3,0.573,6,1,y
3607,57,1.111,868,2,0.168,5,3,y
1439,25,1.273,1815,4,0.662,5,2,y
8084,47,0.424,0,4,0.0,1,3,n
5042,36,0.333,0,3,0.0,1,3,n
1094,44,0.467,2517,4,0.831,4,1,y
9776,40,0.429,751,2,0.022,4,3,n
4222,61,0.649,0,2,0.0,3,3,y
2173,32,0.185,2351,2,0.785,6,3,y
8076,37,0.423,0,4,0.0,2,4,n
4477,72,0.6,940,3,0.052,4,2,y
6844,72,0.532,1694,0,0.96,4,4,y
6464,39,0.56,1651,4,0.279,5,3,n
6049,48,0.778,1926,3,0.283,3,0,n
9846,71,0.732,550,3,0.016,1,3,n
5266,61,0.649,1268,1,0.647,6,3,y
1930,45,0.364,0,2,0.0,5,2,y
662,43,0.344,2517,3,0.712,3,1,y
5986,47,0.621,1474,2,0.891,1,3,n
7971,43,0.303,0,2,0.0,4,2,n
6864,52,0.793,0,3,0.0,5,2,n
5602,40,0.538,0,5,0.0,3,3,n
534,22,0.692,0,3,0.0,1,2,n
4523,42,0.615,2517,3,0.833,4,3,n
8266,80,0.667,822,1,0.462,1,2,y
6772,89,0.854,996,2,0.657,4,3,y
4656,67,0.718,1348,1,0.094,6,3,y
581,18,1.25,0,3,0.0,2,2,n
8795,87,0.642,1974,2,0.483,2,2,y
7656,49,0.4,2203,2,0.497,3,2,n
1118,56,0.931,671,4,0.46,4,1,y
5807,71,0.732,1349,0,0.905,3,2,y
9700,56,0.514,2239,2,0.173,3,3,n
3795,50,0.429,0,2,0.0,2,3,n
8186,40,0.429,0,3,0.0,2,3,n
4537,43,0.303,1243,1,0.763,3,3,n
8524,56,0.647,2507,3,0.175,6,4,n
1830,27,0.286,0,3,0.0,3,6,n
3376,42,0.448,0,2,0.0,2,3,n
1895,30,0.364,1570,2,0.23,4,3,y
4733,45,0.406,596,1,0.274,4,2,n
6750,68,0.789,1127,1,0.498,4,3,y
54,15,0.364,0,3,0.0,1,3,n
1656,58,0.758,1844,3,0.692,4,3,y
5287,44,0.63,1411,1,0.723,5,3,n
6598,50,0.786,2517,1,0.073,5,3,n
1294,26,1.0,396,2,0.053,3,2,n
5015,92,0.84,2034,4,0.751,3,3,y
6213,44,0.63,0,4,0.0,5,2,n
1728,44,0.913,1829,0,0.318,6,3,y
5589,81,0.588,1626,1,0.347,6,3,y
9708,59,0.903,0,3,0.0,2,3,n
10107,79,0.837,1644,4,0.139,2,1,n
10105,66,0.784,743,3,0.147,1,4,n
2091,44,0.571,1974,3,0.131,3,2,y
2828,66,0.65,1686,4,0.049,3,2,y
4567,44,0.571,395,3,0.196,1,4,n
6719,46,0.394,0,3,0.0,4,3,n
4941,43,0.433,0,3,0.0,3,2,n
7985,83,0.694,2100,2,0.725,1,1,y
6853,65,0.806,689,2,0.479,6,2,y
5925,36,0.44,0,3,0.0,2,6,n
4150,43,0.433,0,2,0.0,6,3,n
5372,51,0.5,0,4,0.0,4,3,n
10123,69,0.683,2186,3,0.511,4,2,n
423,22,1.2,785,3,0.19,6,3,y
6667,64,0.641,2517,2,0.435,5,3,n
6871,47,0.469,0,3,0.0,6,3,n
8820,54,0.35,274,3,0.04,4,3,n
4686,80,0.667,2499,2,0.459,3,3,y
6195,43,0.387,950,3,0.588,1,3,n
7946,84,0.68,0,2,0.0,1,1,y
2739,28,0.273,2517,4,0.512,4,4,n
8756,62,0.442,0,3,0.0,1,2,n
5474,82,0.822,0,3,0.0,6,1,y
2077,48,0.778,0,4,0.0,2,3,n
3452,33,0.435,0,3,0.0,4,2,n
4711,36,0.44,0,2,0.0,3,2,n
4447,40,0.481,2253,2,0.819,2,3,n
8360,39,0.444,2517,2,0.192,1,2,n
9448,98,0.661,0,1,0.0,1,1,y
10020,67,0.763,0,4,0.0,4,3,n
5034,46,0.484,0,2,0.0,3,3,n
6617,45,0.324,0,3,0.0,5,3,n
9867,124,0.771,1549,4,0.184,3,2,y
5189,36,0.5,0,4,0.0,5,2,n
2223,33,0.571,978,3,0.68,2,2,n
8323,89,0.712,1419,2,0.596,2,2,y
7902,47,0.382,0,3,0.0,2,2,n
4017,37,0.233,1636,4,0.191,3,3,n
4811,48,0.455,1885,3,0.693,1,3,n
10047,64,0.684,0,4,0.0,2,3,n
6875,79,0.756,0,3,0.0,4,5,y
6249,59,0.788,0,3,0.0,5,3,n
8844,94,0.492,2151,3,0.334,1,1,y
6016,90,0.765,1380,3,0.502,4,3,y
2269,65,0.912,1300,4,0.053,6,2,y
7280,50,0.724,0,2,0.0,1,3,n
6895,40,0.739,0,3,0.0,5,2,n
6552,78,0.814,1604,1,0.341,3,3,y
8736,56,0.806,986,3,0.314,4,2,n
5863,62,0.722,1043,3,0.206,4,1,y
3327,65,0.444,0,3,0.0,6,3,y
328,31,0.824,2505,2,0.187,6,2,y
8768,72,1.0,1514,0,0.044,2,2,y
7240,65,0.585,788,2,0.548,6,3,y
7747,87,0.706,778,3,0.25,3,1,y
5632,43,0.654,0,2,0.0,1,2,n
8398,33,0.222,0,2,0.0,5,2,n
9782,68,0.744,761,1,0.022,2,3,n
7836,44,0.467,2176,3,0.501,3,5,n
9166,71,0.821,0,2,0.0,5,2,n
4496,50,0.667,0,1,0.0,3,2,n
3451,49,0.633,535,3,0.098,3,3,y
10023,65,0.857,2517,3,0.505,1,3,n
4510,45,0.5,1159,2,0.087,3,3,n
6321,87,0.776,2124,1,0.147,6,2,y
7031,46,0.586,0,4,0.0,5,3,n
5541,31,0.292,2198,4,0.506,5,3,n
507,25,1.083,2517,2,0.636,3,1,y
4658,72,0.565,0,3,0.0,3,2,y
168,17,0.7,2517,3,0.076,6,3,n
1879,50,1.174,1877,2,0.744,4,2,y
3492,51,0.457,1636,2,0.13,3,3,n
5715,78,0.696,0,3,0.0,4,5,y
207,24,0.5,0,3,0.0,3,3,n
4631,41,0.464,0,1,0.0,3,3,n
3194,54,0.8,864,3,0.056,2,3,n
4715,71,0.614,721,2,0.24,4,3,y
9820,89,0.935,0,3,0.0,2,1,n
3998,44,0.467,1578,2,0.983,3,2,n
4699,32,0.778,0,3,0.0,3,3,n
8157,82,0.745,0,2,0.0,2,3,y
3850,67,0.861,2053,3,0.452,6,3,y
6776,88,0.833,2162,3,0.768,6,5,y
9130,100,0.754,2517,2,0.285,1,2,y
3697,77,0.711,1485,2,0.288,6,2,y
5036,43,0.483,0,4,0.0,6,2,n
1415,44,0.517,695,3,0.142,3,1,n
2014,58,0.758,2185,2,0.873,3,3,y
2289,38,0.727,1363,4,0.053,3,3,y
8433,49,0.531,0,2,0.0,6,2,n
3478,72,0.6,2202,0,0.274,6,3,y
5142,43,0.72,228,3,0.112,3,3,n
5116,41,0.414,215,3,0.025,5,0,n
5085,40,0.6,0,5,0.0,4,6,n
6064,47,0.343,0,6,0.0,5,3,n
2500,15,0.154,592,3,0.376,3,2,n
3227,37,0.947,0,4,0.0,2,3,n
5686,41,0.323,0,3,0.0,6,2,n
3596,28,0.0,2513,2,0.254,2,3,n
5530,37,0.321,347,5,0.168,3,2,n
6777,70,0.628,0,3,0.0,5,3,n
4730,36,0.2,0,4,0.0,3,2,n
10040,68,0.789,0,3,0.0,4,3,n
3534,68,0.943,1433,3,0.238,3,1,y
555,48,0.778,1276,0,0.081,5,2,y
4982,51,0.645,0,3,0.0,3,3,n
5043,44,0.63,0,4,0.0,5,5,n
5801,34,0.789,572,3,0.312,5,2,n
904,63,0.537,1631,2,0.137,3,2,y
8166,63,0.5,1083,1,0.042,2,3,y
8702,87,0.526,2098,0,0.061,2,2,y
6644,44,0.467,0,2,0.0,6,3,n
6859,38,0.462,0,2,0.0,5,2,n
9954,64,0.73,542,3,0.138,1,3,n
9949,68,0.789,0,5,0.0,2,3,n
8832,69,0.725,1954,3,0.057,2,1,y
7588,81,0.8,2517,2,0.141,4,2,y
1219,39,0.95,1598,2,0.233,4,1,y
7382,84,0.867,922,1,0.468,6,2,y
7761,35,0.029,0,1,0.0,2,4,n
463,25,0.562,1911,3,0.112,2,1,n
470,60,0.622,1483,2,0.72,4,3,y
7452,64,0.641,2507,2,0.477,4,3,y
464,24,1.0,839,3,0.036,4,2,y
771,35,0.346,814,0,0.096,3,3,y
2945,45,0.731,2514,4,0.537,3,3,y
4151,32,0.778,0,2,0.0,2,3,n
7684,68,0.659,1743,2,0.564,5,2,y
8551,35,0.591,0,2,0.0,2,3,n
4162,70,0.842,659,3,0.181,4,1,y
10098,70,0.75,0,4,0.0,4,3,n
8357,49,0.581,710,3,0.153,2,4,n
2892,35,0.458,2517,4,0.073,2,3,n
4637,76,0.617,1414,2,0.08,3,1,y
9602,71,0.821,0,6,0.0,5,2,n
4233,51,0.821,0,3,0.0,6,3,n
6961,89,0.816,611,2,0.425,5,3,y
937,33,0.32,2338,3,0.313,6,2,y
7218,40,0.379,1381,1,0.871,6,3,n
7714,89,0.679,0,3,0.0,5,5,y
2411,32,0.6,787,4,0.023,5,2,n
10092,64,0.829,1878,3,0.273,1,2,n
2543,35,0.591,2517,3,0.135,4,4,n
2849,40,0.538,0,4,0.0,3,4,n
6180,78,0.95,1299,2,0.084,6,1,y
10054,74,0.897,1180,3,0.318,1,1,n
3241,73,0.587,2517,5,0.138,4,2,y
9227,65,0.585,0,2,0.0,1,4,n
5119,71,1.088,2185,0,0.445,3,3,y
3594,38,0.52,0,3,0.0,3,3,n
4004,78,0.773,1892,2,0.102,3,2,y
4073,45,0.406,0,0,0.0,2,3,n
6190,57,0.781,0,4,0.0,1,3,n
2225,40,0.667,0,2,0.0,4,2,y
7298,43,0.72,2517,3,0.277,6,2,n
8737,93,0.5,1858,3,0.154,2,2,y
7499,40,0.538,978,1,0.414,4,2,n
9779,112,0.723,1149,3,0.259,2,3,y
7212,92,0.769,694,3,0.261,5,2,y
599,28,0.647,1314,2,0.055,3,2,y
9195,63,0.75,0,2,0.0,2,3,n
1790,51,0.7,1553,4,0.776,4,1,y
3904,56,0.697,0,4,0.0,2,3,n
7517,86,0.654,0,1,0.0,3,1,y
9983,128,0.855,1315,2,0.316,3,1,y
4784,81,1.025,941,0,0.097,4,3,y
6297,82,0.783,1204,2,0.244,3,2,y
657,22,0.375,800,3,0.112,5,1,n
6997,88,0.63,713,3,0.187,3,4,y
9193,87,0.642,985,2,0.067,1,1,y
5183,73,0.622,829,4,0.088,5,1,y
6558,68,0.511,1206,3,0.715,5,3,y
9102,65,0.711,531,3,0.015,2,3,n
4596,64,0.684,2080,2,0.199,4,3,y
401,17,0.7,1120,3,0.361,3,3,n
3356,57,0.727,0,4,0.0,4,3,y
4737,79,0.756,0,1,0.0,4,2,y
9302,69,1.029,0,2,0.0,2,4,n
6924,39,0.56,0,4,0.0,3,3,n
7068,78,0.733,793,1,0.379,5,1,y
9087,68,0.659,949,2,0.081,2,3,n
3957,61,0.649,1353,2,0.071,3,1,y
9671,90,0.915,1664,1,0.135,2,2,y
4851,51,0.7,1154,2,0.204,4,3,n
5892,39,0.3,511,3,0.035,3,2,n
7291,43,0.536,2517,1,0.701,6,3,n
8349,79,0.881,2517,2,0.264,1,3,y
5674,82,0.673,1579,3,0.356,6,3,y
7976,52,0.625,0,3,0.0,2,3,n
5460,43,0.387,0,3,0.0,5,3,n
604,17,0.214,0,3,0.0,2,2,n
9787,58,1.0,0,3,0.0,4,3,n
5498,52,0.857,0,3,0.0,4,3,n
2135,73,0.659,1533,2,0.571,3,5,y
649,15,0.364,306,3,0.213,3,1,n
8011,41,0.64,357,1,0.124,2,3,n
614,58,0.415,1077,3,0.125,6,3,y
429,35,0.522,0,3,0.0,2,3,n
9937,94,0.958,2266,3,0.565,6,1,y
6325,38,0.357,0,3,0.0,4,2,n
8083,47,0.621,1900,3,0.81,4,3,n
7361,67,0.763,908,2,0.108,3,2,y
5253,43,0.593,411,4,0.16,3,3,n
3719,44,0.467,1149,2,0.114,5,2,y
2186,30,0.429,0,3,0.0,4,3,n
5063,88,0.956,1504,1,0.18,3,3,y
8340,85,0.771,2222,1,0.501,2,3,y
5003,55,0.486,2517,4,0.073,3,3,n
1028,64,0.455,0,3,0.0,5,2,y
8008,38,0.407,1030,5,0.716,5,3,n
549,18,0.5,0,3,0.0,3,2,n
3750,70,0.75,1812,2,0.07,5,1,y
5847,79,0.681,929,3,0.561,4,2,y
10115,109,0.946,1558,2,0.276,2,3,y
9717,90,1.093,0,3,0.0,3,3,n
1925,91,0.492,0,2,0.0,5,1,y
8213,78,0.66,785,2,0.361,2,3,y
6833,80,0.778,1382,3,0.154,3,3,y
1200,19,1.111,0,3,0.0,6,1,n
7441,83,1.128,0,3,0.0,4,1,y
1876,43,0.387,0,4,0.0,4,3,y
236,17,0.7,1833,3,0.987,2,3,n
3321,35,0.25,0,4,0.0,2,2,n
7223,42,0.556,0,6,0.0,5,3,n
7545,93,0.632,0,3,0.0,4,5,y
10013,85,1.073,1489,2,0.342,4,3,n
9385,94,0.709,2517,2,0.726,2,2,y
4743,32,0.455,0,4,0.0,3,2,n
8564,41,0.281,1116,4,0.046,1,2,n
7263,86,0.755,1073,2,0.031,4,4,y
9727,116,0.731,0,3,0.0,1,1,y
3947,62,0.632,730,0,0.033,5,3,y
7943,40,0.6,0,4,0.0,6,1,n
386,15,0.364,1547,3,0.274,2,5,n
792,36,1.25,1648,3,0.103,6,1,y
2356,48,0.412,614,1,0.024,3,2,y
6033,76,1.0,0,2,0.0,3,1,y
3335,67,0.489,792,1,0.536,5,3,y
